attackid,sessionid,repeated,severity,attack,service,srcip,dstip,subtype,eventtype,url
12880,8204,,low,ICMP.Oversized.Packet,PING,84.3.251.110,84.3.251.18,ips,signature,
12880,8204,,low,ICMP.Oversized.Packet,PING,84.3.251.110,84.3.251.18,ips,signature,
12880,8204,184,low,ICMP.Oversized.Packet,PING,84.3.251.110,84.3.251.18,ips,signature,
12880,8204,122,low,ICMP.Oversized.Packet,PING,84.3.251.110,84.3.251.18,ips,signature,
12880,8204,,low,ICMP.Oversized.Packet,PING,84.3.251.110,84.3.251.18,ips,signature,
12880,8204,123,low,ICMP.Oversized.Packet,PING,84.3.251.110,84.3.251.18,ips,signature,
12880,8204,124,low,ICMP.Oversized.Packet,PING,84.3.251.110,84.3.251.18,ips,signature,
12880,8204,,low,ICMP.Oversized.Packet,PING,84.3.251.110,84.3.251.18,ips,signature,
12880,8204,122,low,ICMP.Oversized.Packet,PING,84.3.251.110,84.3.251.18,ips,signature,
12880,8204,124,low,ICMP.Oversized.Packet,PING,84.3.251.110,84.3.251.18,ips,signature,
12880,8204,124,low,ICMP.Oversized.Packet,PING,84.3.251.110,84.3.251.18,ips,signature,
12880,8204,,low,ICMP.Oversized.Packet,PING,84.3.251.110,84.3.251.18,ips,signature,
12880,8204,123,low,ICMP.Oversized.Packet,PING,84.3.251.110,84.3.251.18,ips,signature,
12880,8204,,low,ICMP.Oversized.Packet,PING,84.3.251.110,84.3.251.18,ips,signature,
12880,8204,123,low,ICMP.Oversized.Packet,PING,84.3.251.110,84.3.251.18,ips,signature,
12880,8204,123,low,ICMP.Oversized.Packet,PING,84.3.251.110,84.3.251.18,ips,signature,
12880,8204,,low,ICMP.Oversized.Packet,PING,84.3.251.110,84.3.251.18,ips,signature,
12880,8204,124,low,ICMP.Oversized.Packet,PING,84.3.251.110,84.3.251.18,ips,signature,
12880,8204,,low,ICMP.Oversized.Packet,PING,84.3.251.110,84.3.251.18,ips,signature,
12880,8204,123,low,ICMP.Oversized.Packet,PING,84.3.251.110,84.3.251.18,ips,signature,
12880,8204,124,low,ICMP.Oversized.Packet,PING,84.3.251.110,84.3.251.18,ips,signature,
12880,8204,,low,ICMP.Oversized.Packet,PING,84.3.251.110,84.3.251.18,ips,signature,
12880,8204,123,low,ICMP.Oversized.Packet,PING,84.3.251.110,84.3.251.18,ips,signature,
12880,8204,124,low,ICMP.Oversized.Packet,PING,84.3.251.110,84.3.251.18,ips,signature,
12880,8204,124,low,ICMP.Oversized.Packet,PING,84.3.251.110,84.3.251.18,ips,signature,
12880,8204,124,low,ICMP.Oversized.Packet,PING,84.3.251.110,84.3.251.18,ips,signature,
12880,8204,124,low,ICMP.Oversized.Packet,PING,84.3.251.110,84.3.251.18,ips,signature,
12880,8204,124,low,ICMP.Oversized.Packet,PING,84.3.251.110,84.3.251.18,ips,signature,
12880,8204,,low,ICMP.Oversized.Packet,PING,84.3.251.110,84.3.251.18,ips,signature,
12880,8204,123,low,ICMP.Oversized.Packet,PING,84.3.251.110,84.3.251.18,ips,signature,
12880,8204,124,low,ICMP.Oversized.Packet,PING,84.3.251.110,84.3.251.18,ips,signature,
12880,8204,124,low,ICMP.Oversized.Packet,PING,84.3.251.110,84.3.251.18,ips,signature,
12880,8204,,low,ICMP.Oversized.Packet,PING,84.3.251.110,84.3.251.18,ips,signature,
12880,8204,122,low,ICMP.Oversized.Packet,PING,84.3.251.110,84.3.251.18,ips,signature,
12880,8204,124,low,ICMP.Oversized.Packet,PING,84.3.251.110,84.3.251.18,ips,signature,
12880,8204,124,low,ICMP.Oversized.Packet,PING,84.3.251.110,84.3.251.18,ips,signature,
12880,8204,124,low,ICMP.Oversized.Packet,PING,84.3.251.110,84.3.251.18,ips,signature,
12880,8204,124,low,ICMP.Oversized.Packet,PING,84.3.251.110,84.3.251.18,ips,signature,
12880,8204,124,low,ICMP.Oversized.Packet,PING,84.3.251.110,84.3.251.18,ips,signature,
12880,8204,,low,ICMP.Oversized.Packet,PING,84.3.251.110,84.3.251.18,ips,signature,
12880,8204,123,low,ICMP.Oversized.Packet,PING,84.3.251.110,84.3.251.18,ips,signature,
12880,8204,,low,ICMP.Oversized.Packet,PING,84.3.251.110,84.3.251.18,ips,signature,
12880,8204,123,low,ICMP.Oversized.Packet,PING,84.3.251.110,84.3.251.18,ips,signature,
12880,8204,124,low,ICMP.Oversized.Packet,PING,84.3.251.110,84.3.251.18,ips,signature,
12880,8204,124,low,ICMP.Oversized.Packet,PING,84.3.251.110,84.3.251.18,ips,signature,
12880,8204,124,low,ICMP.Oversized.Packet,PING,84.3.251.110,84.3.251.18,ips,signature,
12880,8204,,low,ICMP.Oversized.Packet,PING,84.3.251.110,84.3.251.18,ips,signature,
12880,8204,123,low,ICMP.Oversized.Packet,PING,84.3.251.110,84.3.251.18,ips,signature,
12880,8204,124,low,ICMP.Oversized.Packet,PING,84.3.251.110,84.3.251.18,ips,signature,
12880,8204,124,low,ICMP.Oversized.Packet,PING,84.3.251.110,84.3.251.18,ips,signature,
12880,8204,124,low,ICMP.Oversized.Packet,PING,84.3.251.110,84.3.251.18,ips,signature,
12880,8204,,low,ICMP.Oversized.Packet,PING,84.3.251.110,84.3.251.18,ips,signature,
12880,8204,123,low,ICMP.Oversized.Packet,PING,84.3.251.110,84.3.251.18,ips,signature,
12880,8204,124,low,ICMP.Oversized.Packet,PING,84.3.251.110,84.3.251.18,ips,signature,
12880,8204,123,low,ICMP.Oversized.Packet,PING,84.3.251.110,84.3.251.18,ips,signature,
12880,8204,124,low,ICMP.Oversized.Packet,PING,84.3.251.110,84.3.251.18,ips,signature,
12880,8204,,low,ICMP.Oversized.Packet,PING,84.3.251.110,84.3.251.18,ips,signature,
12880,8204,123,low,ICMP.Oversized.Packet,PING,84.3.251.110,84.3.251.18,ips,signature,
12880,8204,124,low,ICMP.Oversized.Packet,PING,84.3.251.110,84.3.251.18,ips,signature,
12880,8204,124,low,ICMP.Oversized.Packet,PING,84.3.251.110,84.3.251.18,ips,signature,
12880,8204,,low,ICMP.Oversized.Packet,PING,84.3.251.110,84.3.251.18,ips,signature,
12880,8204,118,low,ICMP.Oversized.Packet,PING,84.3.251.110,84.3.251.18,ips,signature,
12880,8204,124,low,ICMP.Oversized.Packet,PING,84.3.251.110,84.3.251.18,ips,signature,
12880,8204,124,low,ICMP.Oversized.Packet,PING,84.3.251.110,84.3.251.18,ips,signature,
12880,8204,124,low,ICMP.Oversized.Packet,PING,84.3.251.110,84.3.251.18,ips,signature,
12880,8204,124,low,ICMP.Oversized.Packet,PING,84.3.251.110,84.3.251.18,ips,signature,
12880,8204,,low,ICMP.Oversized.Packet,PING,84.3.251.110,84.3.251.18,ips,signature,
12880,8204,123,low,ICMP.Oversized.Packet,PING,84.3.251.110,84.3.251.18,ips,signature,
12880,8204,124,low,ICMP.Oversized.Packet,PING,84.3.251.110,84.3.251.18,ips,signature,
12880,8204,124,low,ICMP.Oversized.Packet,PING,84.3.251.110,84.3.251.18,ips,signature,
12880,8204,124,low,ICMP.Oversized.Packet,PING,84.3.251.110,84.3.251.18,ips,signature,
12880,8204,124,low,ICMP.Oversized.Packet,PING,84.3.251.110,84.3.251.18,ips,signature,
12880,8204,124,low,ICMP.Oversized.Packet,PING,84.3.251.110,84.3.251.18,ips,signature,
12880,8204,123,low,ICMP.Oversized.Packet,PING,84.3.251.110,84.3.251.18,ips,signature,
12880,8204,124,low,ICMP.Oversized.Packet,PING,84.3.251.110,84.3.251.18,ips,signature,
12880,8204,,low,ICMP.Oversized.Packet,PING,84.3.251.110,84.3.251.18,ips,signature,
12880,8204,123,low,ICMP.Oversized.Packet,PING,84.3.251.110,84.3.251.18,ips,signature,
12880,8204,124,low,ICMP.Oversized.Packet,PING,84.3.251.110,84.3.251.18,ips,signature,
12880,8204,124,low,ICMP.Oversized.Packet,PING,84.3.251.110,84.3.251.18,ips,signature,
12880,8204,124,low,ICMP.Oversized.Packet,PING,84.3.251.110,84.3.251.18,ips,signature,
12880,8204,124,low,ICMP.Oversized.Packet,PING,84.3.251.110,84.3.251.18,ips,signature,
12880,8204,124,low,ICMP.Oversized.Packet,PING,84.3.251.110,84.3.251.18,ips,signature,
12880,8204,,low,ICMP.Oversized.Packet,PING,84.3.251.110,84.3.251.18,ips,signature,
12880,8204,123,low,ICMP.Oversized.Packet,PING,84.3.251.110,84.3.251.18,ips,signature,
12880,8204,124,low,ICMP.Oversized.Packet,PING,84.3.251.110,84.3.251.18,ips,signature,
12880,8204,124,low,ICMP.Oversized.Packet,PING,84.3.251.110,84.3.251.18,ips,signature,
12880,8204,,low,ICMP.Oversized.Packet,PING,84.3.251.110,84.3.251.18,ips,signature,
12880,8204,123,low,ICMP.Oversized.Packet,PING,84.3.251.110,84.3.251.18,ips,signature,
12880,8204,124,low,ICMP.Oversized.Packet,PING,84.3.251.110,84.3.251.18,ips,signature,
12880,8204,124,low,ICMP.Oversized.Packet,PING,84.3.251.110,84.3.251.18,ips,signature,
12880,8204,124,low,ICMP.Oversized.Packet,PING,84.3.251.110,84.3.251.18,ips,signature,
12880,8204,,low,ICMP.Oversized.Packet,PING,84.3.251.110,84.3.251.18,ips,signature,
12880,8204,123,low,ICMP.Oversized.Packet,PING,84.3.251.110,84.3.251.18,ips,signature,
12880,8204,124,low,ICMP.Oversized.Packet,PING,84.3.251.110,84.3.251.18,ips,signature,
12880,8204,,low,ICMP.Oversized.Packet,PING,84.3.251.110,84.3.251.18,ips,signature,
12880,8204,123,low,ICMP.Oversized.Packet,PING,84.3.251.110,84.3.251.18,ips,signature,
12880,8204,124,low,ICMP.Oversized.Packet,PING,84.3.251.110,84.3.251.18,ips,signature,
12880,8204,,low,ICMP.Oversized.Packet,PING,84.3.251.110,84.3.251.18,ips,signature,
12880,8204,122,low,ICMP.Oversized.Packet,PING,84.3.251.110,84.3.251.18,ips,signature,
12880,8204,125,low,ICMP.Oversized.Packet,PING,84.3.251.110,84.3.251.18,ips,signature,
12880,8204,123,low,ICMP.Oversized.Packet,PING,84.3.251.110,84.3.251.18,ips,signature,
12880,8204,125,low,ICMP.Oversized.Packet,PING,84.3.251.110,84.3.251.18,ips,signature,
12880,8204,123,low,ICMP.Oversized.Packet,PING,84.3.251.110,84.3.251.18,ips,signature,
12880,8204,124,low,ICMP.Oversized.Packet,PING,84.3.251.110,84.3.251.18,ips,signature,
12880,8204,,low,ICMP.Oversized.Packet,PING,84.3.251.110,84.3.251.18,ips,signature,
12880,8204,123,low,ICMP.Oversized.Packet,PING,84.3.251.110,84.3.251.18,ips,signature,
12880,8204,124,low,ICMP.Oversized.Packet,PING,84.3.251.110,84.3.251.18,ips,signature,
12880,8204,124,low,ICMP.Oversized.Packet,PING,84.3.251.110,84.3.251.18,ips,signature,
12880,8204,124,low,ICMP.Oversized.Packet,PING,84.3.251.110,84.3.251.18,ips,signature,
12880,8204,,low,ICMP.Oversized.Packet,PING,84.3.251.110,84.3.251.18,ips,signature,
12880,8204,123,low,ICMP.Oversized.Packet,PING,84.3.251.110,84.3.251.18,ips,signature,
12880,8204,124,low,ICMP.Oversized.Packet,PING,84.3.251.110,84.3.251.18,ips,signature,
12880,8204,124,low,ICMP.Oversized.Packet,PING,84.3.251.110,84.3.251.18,ips,signature,
12880,8204,124,low,ICMP.Oversized.Packet,PING,84.3.251.110,84.3.251.18,ips,signature,
12880,8204,124,low,ICMP.Oversized.Packet,PING,84.3.251.110,84.3.251.18,ips,signature,
12880,8204,124,low,ICMP.Oversized.Packet,PING,84.3.251.110,84.3.251.18,ips,signature,
12880,8204,124,low,ICMP.Oversized.Packet,PING,84.3.251.110,84.3.251.18,ips,signature,
12880,8204,,low,ICMP.Oversized.Packet,PING,84.3.251.110,84.3.251.18,ips,signature,
12880,8204,123,low,ICMP.Oversized.Packet,PING,84.3.251.110,84.3.251.18,ips,signature,
12880,8204,124,low,ICMP.Oversized.Packet,PING,84.3.251.110,84.3.251.18,ips,signature,
12880,8204,123,low,ICMP.Oversized.Packet,PING,84.3.251.110,84.3.251.18,ips,signature,
12880,8204,124,low,ICMP.Oversized.Packet,PING,84.3.251.110,84.3.251.18,ips,signature,
12880,8204,124,low,ICMP.Oversized.Packet,PING,84.3.251.110,84.3.251.18,ips,signature,
12880,8204,,low,ICMP.Oversized.Packet,PING,84.3.251.110,84.3.251.18,ips,signature,
12880,8204,123,low,ICMP.Oversized.Packet,PING,84.3.251.110,84.3.251.18,ips,signature,
12880,8204,124,low,ICMP.Oversized.Packet,PING,84.3.251.110,84.3.251.18,ips,signature,
12880,8204,124,low,ICMP.Oversized.Packet,PING,84.3.251.110,84.3.251.18,ips,signature,
12880,8204,124,low,ICMP.Oversized.Packet,PING,84.3.251.110,84.3.251.18,ips,signature,
12880,8204,,low,ICMP.Oversized.Packet,PING,84.3.251.110,84.3.251.18,ips,signature,
12880,8204,123,low,ICMP.Oversized.Packet,PING,84.3.251.110,84.3.251.18,ips,signature,
12880,8204,124,low,ICMP.Oversized.Packet,PING,84.3.251.110,84.3.251.18,ips,signature,
12880,8204,124,low,ICMP.Oversized.Packet,PING,84.3.251.110,84.3.251.18,ips,signature,
12880,8204,,low,ICMP.Oversized.Packet,PING,84.3.251.110,84.3.251.18,ips,signature,
12880,8204,123,low,ICMP.Oversized.Packet,PING,84.3.251.110,84.3.251.18,ips,signature,
12880,8204,124,low,ICMP.Oversized.Packet,PING,84.3.251.110,84.3.251.18,ips,signature,
12880,8204,124,low,ICMP.Oversized.Packet,PING,84.3.251.110,84.3.251.18,ips,signature,
12880,8204,124,low,ICMP.Oversized.Packet,PING,84.3.251.110,84.3.251.18,ips,signature,
12880,8204,124,low,ICMP.Oversized.Packet,PING,84.3.251.110,84.3.251.18,ips,signature,
12880,8204,124,low,ICMP.Oversized.Packet,PING,84.3.251.110,84.3.251.18,ips,signature,
12880,8204,123,low,ICMP.Oversized.Packet,PING,84.3.251.110,84.3.251.18,ips,signature,
12880,8204,119,low,ICMP.Oversized.Packet,PING,84.3.251.110,84.3.251.18,ips,signature,
12880,8204,124,low,ICMP.Oversized.Packet,PING,84.3.251.110,84.3.251.18,ips,signature,
12880,8204,,low,ICMP.Oversized.Packet,PING,84.3.251.110,84.3.251.18,ips,signature,
12880,8204,123,low,ICMP.Oversized.Packet,PING,84.3.251.110,84.3.251.18,ips,signature,
12880,8204,124,low,ICMP.Oversized.Packet,PING,84.3.251.110,84.3.251.18,ips,signature,
12880,8204,,low,ICMP.Oversized.Packet,PING,84.3.251.110,84.3.251.18,ips,signature,
12880,8204,123,low,ICMP.Oversized.Packet,PING,84.3.251.110,84.3.251.18,ips,signature,
12880,8204,124,low,ICMP.Oversized.Packet,PING,84.3.251.110,84.3.251.18,ips,signature,
12880,8204,124,low,ICMP.Oversized.Packet,PING,84.3.251.110,84.3.251.18,ips,signature,
12880,8204,124,low,ICMP.Oversized.Packet,PING,84.3.251.110,84.3.251.18,ips,signature,
12880,8204,,low,ICMP.Oversized.Packet,PING,84.3.251.110,84.3.251.18,ips,signature,
12880,8204,123,low,ICMP.Oversized.Packet,PING,84.3.251.110,84.3.251.18,ips,signature,
12880,8204,124,low,ICMP.Oversized.Packet,PING,84.3.251.110,84.3.251.18,ips,signature,
12880,8204,,low,ICMP.Oversized.Packet,PING,84.3.251.110,84.3.251.18,ips,signature,
12880,8204,123,low,ICMP.Oversized.Packet,PING,84.3.251.110,84.3.251.18,ips,signature,
12880,8204,124,low,ICMP.Oversized.Packet,PING,84.3.251.110,84.3.251.18,ips,signature,
12880,8204,124,low,ICMP.Oversized.Packet,PING,84.3.251.110,84.3.251.18,ips,signature,
12880,8204,124,low,ICMP.Oversized.Packet,PING,84.3.251.110,84.3.251.18,ips,signature,
12880,8204,,low,ICMP.Oversized.Packet,PING,84.3.251.110,84.3.251.18,ips,signature,
12880,8204,123,low,ICMP.Oversized.Packet,PING,84.3.251.110,84.3.251.18,ips,signature,
12880,8204,124,low,ICMP.Oversized.Packet,PING,84.3.251.110,84.3.251.18,ips,signature,
12880,8204,124,low,ICMP.Oversized.Packet,PING,84.3.251.110,84.3.251.18,ips,signature,
12880,8204,,low,ICMP.Oversized.Packet,PING,84.3.251.110,84.3.251.18,ips,signature,
12880,8204,123,low,ICMP.Oversized.Packet,PING,84.3.251.110,84.3.251.18,ips,signature,
12880,8204,124,low,ICMP.Oversized.Packet,PING,84.3.251.110,84.3.251.18,ips,signature,
12880,8204,123,low,ICMP.Oversized.Packet,PING,84.3.251.110,84.3.251.18,ips,signature,
12880,8204,124,low,ICMP.Oversized.Packet,PING,84.3.251.110,84.3.251.18,ips,signature,
12880,8204,124,low,ICMP.Oversized.Packet,PING,84.3.251.110,84.3.251.18,ips,signature,
12880,8204,,low,ICMP.Oversized.Packet,PING,84.3.251.110,84.3.251.18,ips,signature,
12880,8204,123,low,ICMP.Oversized.Packet,PING,84.3.251.110,84.3.251.18,ips,signature,
12880,8204,124,low,ICMP.Oversized.Packet,PING,84.3.251.110,84.3.251.18,ips,signature,
12880,8204,,low,ICMP.Oversized.Packet,PING,84.3.251.110,84.3.251.18,ips,signature,
12880,8204,123,low,ICMP.Oversized.Packet,PING,84.3.251.110,84.3.251.18,ips,signature,
12880,8204,124,low,ICMP.Oversized.Packet,PING,84.3.251.110,84.3.251.18,ips,signature,
12880,8204,124,low,ICMP.Oversized.Packet,PING,84.3.251.110,84.3.251.18,ips,signature,
12880,8204,,low,ICMP.Oversized.Packet,PING,84.3.251.110,84.3.251.18,ips,signature,
12880,8204,123,low,ICMP.Oversized.Packet,PING,84.3.251.110,84.3.251.18,ips,signature,
12880,8204,124,low,ICMP.Oversized.Packet,PING,84.3.251.110,84.3.251.18,ips,signature,
12880,8204,124,low,ICMP.Oversized.Packet,PING,84.3.251.110,84.3.251.18,ips,signature,
12880,8204,124,low,ICMP.Oversized.Packet,PING,84.3.251.110,84.3.251.18,ips,signature,
12880,8204,124,low,ICMP.Oversized.Packet,PING,84.3.251.110,84.3.251.18,ips,signature,
12880,8204,,low,ICMP.Oversized.Packet,PING,84.3.251.110,84.3.251.18,ips,signature,
12880,8204,123,low,ICMP.Oversized.Packet,PING,84.3.251.110,84.3.251.18,ips,signature,
12880,8204,124,low,ICMP.Oversized.Packet,PING,84.3.251.110,84.3.251.18,ips,signature,
12880,8204,124,low,ICMP.Oversized.Packet,PING,84.3.251.110,84.3.251.18,ips,signature,
12880,8204,,low,ICMP.Oversized.Packet,PING,84.3.251.110,84.3.251.18,ips,signature,
12880,8204,123,low,ICMP.Oversized.Packet,PING,84.3.251.110,84.3.251.18,ips,signature,
12880,8204,,low,ICMP.Oversized.Packet,PING,84.3.251.110,84.3.251.18,ips,signature,
12880,8204,123,low,ICMP.Oversized.Packet,PING,84.3.251.110,84.3.251.18,ips,signature,
12880,8204,124,low,ICMP.Oversized.Packet,PING,84.3.251.110,84.3.251.18,ips,signature,
12880,8204,124,low,ICMP.Oversized.Packet,PING,84.3.251.110,84.3.251.18,ips,signature,
12880,8204,124,low,ICMP.Oversized.Packet,PING,84.3.251.110,84.3.251.18,ips,signature,
12880,8204,124,low,ICMP.Oversized.Packet,PING,84.3.251.110,84.3.251.18,ips,signature,
12880,8204,,low,ICMP.Oversized.Packet,PING,84.3.251.110,84.3.251.18,ips,signature,
12880,8204,123,low,ICMP.Oversized.Packet,PING,84.3.251.110,84.3.251.18,ips,signature,
12880,8204,,low,ICMP.Oversized.Packet,PING,84.3.251.110,84.3.251.18,ips,signature,
12880,8204,123,low,ICMP.Oversized.Packet,PING,84.3.251.110,84.3.251.18,ips,signature,
12880,8204,124,low,ICMP.Oversized.Packet,PING,84.3.251.110,84.3.251.18,ips,signature,
12880,8204,,low,ICMP.Oversized.Packet,PING,84.3.251.110,84.3.251.18,ips,signature,
12880,8204,123,low,ICMP.Oversized.Packet,PING,84.3.251.110,84.3.251.18,ips,signature,
12880,8204,124,low,ICMP.Oversized.Packet,PING,84.3.251.110,84.3.251.18,ips,signature,
12880,8204,124,low,ICMP.Oversized.Packet,PING,84.3.251.110,84.3.251.18,ips,signature,
12880,8204,,low,ICMP.Oversized.Packet,PING,84.3.251.110,84.3.251.18,ips,signature,
12880,8204,123,low,ICMP.Oversized.Packet,PING,84.3.251.110,84.3.251.18,ips,signature,
12880,8204,123,low,ICMP.Oversized.Packet,PING,84.3.251.110,84.3.251.18,ips,signature,
12880,8204,,low,ICMP.Oversized.Packet,PING,84.3.251.110,84.3.251.18,ips,signature,
12880,8204,124,low,ICMP.Oversized.Packet,PING,84.3.251.110,84.3.251.18,ips,signature,
12880,8204,124,low,ICMP.Oversized.Packet,PING,84.3.251.110,84.3.251.18,ips,signature,
12880,8204,,low,ICMP.Oversized.Packet,PING,84.3.251.110,84.3.251.18,ips,signature,
12880,8204,122,low,ICMP.Oversized.Packet,PING,84.3.251.110,84.3.251.18,ips,signature,
12880,8204,124,low,ICMP.Oversized.Packet,PING,84.3.251.110,84.3.251.18,ips,signature,
12880,8204,119,low,ICMP.Oversized.Packet,PING,84.3.251.110,84.3.251.18,ips,signature,
12880,8204,124,low,ICMP.Oversized.Packet,PING,84.3.251.110,84.3.251.18,ips,signature,
12880,8204,124,low,ICMP.Oversized.Packet,PING,84.3.251.110,84.3.251.18,ips,signature,
12880,8204,124,low,ICMP.Oversized.Packet,PING,84.3.251.110,84.3.251.18,ips,signature,
12880,8204,124,low,ICMP.Oversized.Packet,PING,84.3.251.110,84.3.251.18,ips,signature,
12880,8204,,low,ICMP.Oversized.Packet,PING,84.3.251.110,84.3.251.18,ips,signature,
12880,8204,123,low,ICMP.Oversized.Packet,PING,84.3.251.110,84.3.251.18,ips,signature,
12880,8204,124,low,ICMP.Oversized.Packet,PING,84.3.251.110,84.3.251.18,ips,signature,
12880,8204,124,low,ICMP.Oversized.Packet,PING,84.3.251.110,84.3.251.18,ips,signature,
12880,8204,124,low,ICMP.Oversized.Packet,PING,84.3.251.110,84.3.251.18,ips,signature,
12880,8204,,low,ICMP.Oversized.Packet,PING,84.3.251.110,84.3.251.18,ips,signature,
12880,8204,123,low,ICMP.Oversized.Packet,PING,84.3.251.110,84.3.251.18,ips,signature,
12880,8204,124,low,ICMP.Oversized.Packet,PING,84.3.251.110,84.3.251.18,ips,signature,
12880,8204,124,low,ICMP.Oversized.Packet,PING,84.3.251.110,84.3.251.18,ips,signature,
12880,8204,124,low,ICMP.Oversized.Packet,PING,84.3.251.110,84.3.251.18,ips,signature,
12880,8204,,low,ICMP.Oversized.Packet,PING,84.3.251.110,84.3.251.18,ips,signature,
12880,8204,123,low,ICMP.Oversized.Packet,PING,84.3.251.110,84.3.251.18,ips,signature,
12880,8204,,low,ICMP.Oversized.Packet,PING,84.3.251.110,84.3.251.18,ips,signature,
12880,8204,122,low,ICMP.Oversized.Packet,PING,84.3.251.110,84.3.251.18,ips,signature,
12880,8204,125,low,ICMP.Oversized.Packet,PING,84.3.251.110,84.3.251.18,ips,signature,
12880,8204,123,low,ICMP.Oversized.Packet,PING,84.3.251.110,84.3.251.18,ips,signature,
12880,8204,,low,ICMP.Oversized.Packet,PING,84.3.251.110,84.3.251.18,ips,signature,
12880,8204,122,low,ICMP.Oversized.Packet,PING,84.3.251.110,84.3.251.18,ips,signature,
12880,8204,,low,ICMP.Oversized.Packet,PING,84.3.251.110,84.3.251.18,ips,signature,
12880,8204,124,low,ICMP.Oversized.Packet,PING,84.3.251.110,84.3.251.18,ips,signature,
12880,8204,,low,ICMP.Oversized.Packet,PING,84.3.251.110,84.3.251.18,ips,signature,
12880,8204,123,low,ICMP.Oversized.Packet,PING,84.3.251.110,84.3.251.18,ips,signature,
12880,8204,123,low,ICMP.Oversized.Packet,PING,84.3.251.110,84.3.251.18,ips,signature,
12880,8204,,low,ICMP.Oversized.Packet,PING,84.3.251.110,84.3.251.18,ips,signature,
12880,8204,123,low,ICMP.Oversized.Packet,PING,84.3.251.110,84.3.251.18,ips,signature,
12880,8204,,low,ICMP.Oversized.Packet,PING,84.3.251.110,84.3.251.18,ips,signature,
12880,8204,124,low,ICMP.Oversized.Packet,PING,84.3.251.110,84.3.251.18,ips,signature,
12880,8204,,low,ICMP.Oversized.Packet,PING,84.3.251.110,84.3.251.18,ips,signature,
12880,8204,121,low,ICMP.Oversized.Packet,PING,84.3.251.110,84.3.251.18,ips,signature,
12880,8204,2,low,ICMP.Oversized.Packet,PING,84.3.251.110,84.3.251.18,ips,signature,
12880,8204,124,low,ICMP.Oversized.Packet,PING,84.3.251.110,84.3.251.18,ips,signature,
12880,8204,,low,ICMP.Oversized.Packet,PING,84.3.251.110,84.3.251.18,ips,signature,
12880,8204,123,low,ICMP.Oversized.Packet,PING,84.3.251.110,84.3.251.18,ips,signature,
12880,8204,124,low,ICMP.Oversized.Packet,PING,84.3.251.110,84.3.251.18,ips,signature,
12880,8204,,low,ICMP.Oversized.Packet,PING,84.3.251.110,84.3.251.18,ips,signature,
12880,8204,120,low,ICMP.Oversized.Packet,PING,84.3.251.110,84.3.251.18,ips,signature,
12880,8204,122,low,ICMP.Oversized.Packet,PING,84.3.251.110,84.3.251.18,ips,signature,
12880,8204,5,low,ICMP.Oversized.Packet,PING,84.3.251.110,84.3.251.18,ips,signature,
12880,8204,123,low,ICMP.Oversized.Packet,PING,84.3.251.110,84.3.251.18,ips,signature,
12880,8204,,low,ICMP.Oversized.Packet,PING,84.3.251.110,84.3.251.18,ips,signature,
12880,8204,124,low,ICMP.Oversized.Packet,PING,84.3.251.110,84.3.251.18,ips,signature,
12880,8204,,low,ICMP.Oversized.Packet,PING,84.3.251.110,84.3.251.18,ips,signature,
12880,8204,123,low,ICMP.Oversized.Packet,PING,84.3.251.110,84.3.251.18,ips,signature,
12880,8204,124,low,ICMP.Oversized.Packet,PING,84.3.251.110,84.3.251.18,ips,signature,
12880,8204,124,low,ICMP.Oversized.Packet,PING,84.3.251.110,84.3.251.18,ips,signature,
12880,8204,124,low,ICMP.Oversized.Packet,PING,84.3.251.110,84.3.251.18,ips,signature,
12880,8204,,low,ICMP.Oversized.Packet,PING,84.3.251.110,84.3.251.18,ips,signature,
12880,8204,123,low,ICMP.Oversized.Packet,PING,84.3.251.110,84.3.251.18,ips,signature,
12880,8204,123,low,ICMP.Oversized.Packet,PING,84.3.251.110,84.3.251.18,ips,signature,
12880,8204,,low,ICMP.Oversized.Packet,PING,84.3.251.110,84.3.251.18,ips,signature,
12880,8204,123,low,ICMP.Oversized.Packet,PING,84.3.251.110,84.3.251.18,ips,signature,
12880,8204,124,low,ICMP.Oversized.Packet,PING,84.3.251.110,84.3.251.18,ips,signature,
12880,8204,,low,ICMP.Oversized.Packet,PING,84.3.251.110,84.3.251.18,ips,signature,
12880,8204,122,low,ICMP.Oversized.Packet,PING,84.3.251.110,84.3.251.18,ips,signature,
12880,8204,,low,ICMP.Oversized.Packet,PING,84.3.251.110,84.3.251.18,ips,signature,
12880,8204,124,low,ICMP.Oversized.Packet,PING,84.3.251.110,84.3.251.18,ips,signature,
12880,8204,,low,ICMP.Oversized.Packet,PING,84.3.251.110,84.3.251.18,ips,signature,
12880,8204,123,low,ICMP.Oversized.Packet,PING,84.3.251.110,84.3.251.18,ips,signature,
12880,8204,124,low,ICMP.Oversized.Packet,PING,84.3.251.110,84.3.251.18,ips,signature,
12880,8204,124,low,ICMP.Oversized.Packet,PING,84.3.251.110,84.3.251.18,ips,signature,
12880,8204,,low,ICMP.Oversized.Packet,PING,84.3.251.110,84.3.251.18,ips,signature,
12880,8204,122,low,ICMP.Oversized.Packet,PING,84.3.251.110,84.3.251.18,ips,signature,
12880,8204,124,low,ICMP.Oversized.Packet,PING,84.3.251.110,84.3.251.18,ips,signature,
12880,8204,,low,ICMP.Oversized.Packet,PING,84.3.251.110,84.3.251.18,ips,signature,
12880,8204,123,low,ICMP.Oversized.Packet,PING,84.3.251.110,84.3.251.18,ips,signature,
12880,8204,,low,ICMP.Oversized.Packet,PING,84.3.251.110,84.3.251.18,ips,signature,
12880,8204,124,low,ICMP.Oversized.Packet,PING,84.3.251.110,84.3.251.18,ips,signature,
12880,8204,124,low,ICMP.Oversized.Packet,PING,84.3.251.110,84.3.251.18,ips,signature,
12880,8204,,low,ICMP.Oversized.Packet,PING,84.3.251.110,84.3.251.18,ips,signature,
12880,8204,123,low,ICMP.Oversized.Packet,PING,84.3.251.110,84.3.251.18,ips,signature,
12880,8204,,low,ICMP.Oversized.Packet,PING,84.3.251.110,84.3.251.18,ips,signature,
12880,8204,122,low,ICMP.Oversized.Packet,PING,84.3.251.110,84.3.251.18,ips,signature,
12880,8204,124,low,ICMP.Oversized.Packet,PING,84.3.251.110,84.3.251.18,ips,signature,
12880,8204,,low,ICMP.Oversized.Packet,PING,84.3.251.110,84.3.251.18,ips,signature,
12880,8204,124,low,ICMP.Oversized.Packet,PING,84.3.251.110,84.3.251.18,ips,signature,
12880,8204,124,low,ICMP.Oversized.Packet,PING,84.3.251.110,84.3.251.18,ips,signature,
12880,8204,,low,ICMP.Oversized.Packet,PING,84.3.251.110,84.3.251.18,ips,signature,
12880,8204,123,low,ICMP.Oversized.Packet,PING,84.3.251.110,84.3.251.18,ips,signature,
12880,8204,124,low,ICMP.Oversized.Packet,PING,84.3.251.110,84.3.251.18,ips,signature,
12880,8204,,low,ICMP.Oversized.Packet,PING,84.3.251.110,84.3.251.18,ips,signature,
12880,8204,121,low,ICMP.Oversized.Packet,PING,84.3.251.110,84.3.251.18,ips,signature,
12880,8204,124,low,ICMP.Oversized.Packet,PING,84.3.251.110,84.3.251.18,ips,signature,
12880,8204,,low,ICMP.Oversized.Packet,PING,84.3.251.110,84.3.251.18,ips,signature,
12880,8204,120,low,ICMP.Oversized.Packet,PING,84.3.251.110,84.3.251.18,ips,signature,
12880,8204,124,low,ICMP.Oversized.Packet,PING,84.3.251.110,84.3.251.18,ips,signature,
12880,8204,124,low,ICMP.Oversized.Packet,PING,84.3.251.110,84.3.251.18,ips,signature,
12880,8204,,low,ICMP.Oversized.Packet,PING,84.3.251.110,84.3.251.18,ips,signature,
12880,8204,122,low,ICMP.Oversized.Packet,PING,84.3.251.110,84.3.251.18,ips,signature,
12880,8204,124,low,ICMP.Oversized.Packet,PING,84.3.251.110,84.3.251.18,ips,signature,
12880,8204,124,low,ICMP.Oversized.Packet,PING,84.3.251.110,84.3.251.18,ips,signature,
12880,8204,124,low,ICMP.Oversized.Packet,PING,84.3.251.110,84.3.251.18,ips,signature,
12880,8204,,low,ICMP.Oversized.Packet,PING,84.3.251.110,84.3.251.18,ips,signature,
12880,8204,123,low,ICMP.Oversized.Packet,PING,84.3.251.110,84.3.251.18,ips,signature,
12880,8204,,low,ICMP.Oversized.Packet,PING,84.3.251.110,84.3.251.18,ips,signature,
12880,8204,123,low,ICMP.Oversized.Packet,PING,84.3.251.110,84.3.251.18,ips,signature,
12880,8204,124,low,ICMP.Oversized.Packet,PING,84.3.251.110,84.3.251.18,ips,signature,
12880,8204,124,low,ICMP.Oversized.Packet,PING,84.3.251.110,84.3.251.18,ips,signature,
12880,8204,,low,ICMP.Oversized.Packet,PING,84.3.251.110,84.3.251.18,ips,signature,
12880,8204,123,low,ICMP.Oversized.Packet,PING,84.3.251.110,84.3.251.18,ips,signature,
12880,8204,124,low,ICMP.Oversized.Packet,PING,84.3.251.110,84.3.251.18,ips,signature,
12880,8204,124,low,ICMP.Oversized.Packet,PING,84.3.251.110,84.3.251.18,ips,signature,
12880,8204,,low,ICMP.Oversized.Packet,PING,84.3.251.110,84.3.251.18,ips,signature,
12880,8204,123,low,ICMP.Oversized.Packet,PING,84.3.251.110,84.3.251.18,ips,signature,
12880,8204,124,low,ICMP.Oversized.Packet,PING,84.3.251.110,84.3.251.18,ips,signature,
12880,8204,,low,ICMP.Oversized.Packet,PING,84.3.251.110,84.3.251.18,ips,signature,
12880,8204,123,low,ICMP.Oversized.Packet,PING,84.3.251.110,84.3.251.18,ips,signature,
12880,8204,124,low,ICMP.Oversized.Packet,PING,84.3.251.110,84.3.251.18,ips,signature,
12880,8204,124,low,ICMP.Oversized.Packet,PING,84.3.251.110,84.3.251.18,ips,signature,
12880,8204,124,low,ICMP.Oversized.Packet,PING,84.3.251.110,84.3.251.18,ips,signature,
12880,8204,123,low,ICMP.Oversized.Packet,PING,84.3.251.110,84.3.251.18,ips,signature,
12880,8204,,low,ICMP.Oversized.Packet,PING,84.3.251.110,84.3.251.18,ips,signature,
12880,8204,123,low,ICMP.Oversized.Packet,PING,84.3.251.110,84.3.251.18,ips,signature,
12880,8204,124,low,ICMP.Oversized.Packet,PING,84.3.251.110,84.3.251.18,ips,signature,
12880,8204,124,low,ICMP.Oversized.Packet,PING,84.3.251.110,84.3.251.18,ips,signature,
12880,8204,124,low,ICMP.Oversized.Packet,PING,84.3.251.110,84.3.251.18,ips,signature,
12880,8204,,low,ICMP.Oversized.Packet,PING,84.3.251.110,84.3.251.18,ips,signature,
12880,8204,123,low,ICMP.Oversized.Packet,PING,84.3.251.110,84.3.251.18,ips,signature,
12880,8204,124,low,ICMP.Oversized.Packet,PING,84.3.251.110,84.3.251.18,ips,signature,
12880,8204,,low,ICMP.Oversized.Packet,PING,84.3.251.110,84.3.251.18,ips,signature,
12880,8204,123,low,ICMP.Oversized.Packet,PING,84.3.251.110,84.3.251.18,ips,signature,
12880,8204,124,low,ICMP.Oversized.Packet,PING,84.3.251.110,84.3.251.18,ips,signature,
12880,8204,,low,ICMP.Oversized.Packet,PING,84.3.251.110,84.3.251.18,ips,signature,
12880,8204,123,low,ICMP.Oversized.Packet,PING,84.3.251.110,84.3.251.18,ips,signature,
12880,8204,124,low,ICMP.Oversized.Packet,PING,84.3.251.110,84.3.251.18,ips,signature,
12880,8204,124,low,ICMP.Oversized.Packet,PING,84.3.251.110,84.3.251.18,ips,signature,
12880,8204,,low,ICMP.Oversized.Packet,PING,84.3.251.110,84.3.251.18,ips,signature,
12880,8204,123,low,ICMP.Oversized.Packet,PING,84.3.251.110,84.3.251.18,ips,signature,
12880,8204,124,low,ICMP.Oversized.Packet,PING,84.3.251.110,84.3.251.18,ips,signature,
12880,8204,,low,ICMP.Oversized.Packet,PING,84.3.251.110,84.3.251.18,ips,signature,
12880,8204,123,low,ICMP.Oversized.Packet,PING,84.3.251.110,84.3.251.18,ips,signature,
12880,8204,124,low,ICMP.Oversized.Packet,PING,84.3.251.110,84.3.251.18,ips,signature,
12880,8204,,low,ICMP.Oversized.Packet,PING,84.3.251.110,84.3.251.18,ips,signature,
12880,8204,123,low,ICMP.Oversized.Packet,PING,84.3.251.110,84.3.251.18,ips,signature,
12880,8204,124,low,ICMP.Oversized.Packet,PING,84.3.251.110,84.3.251.18,ips,signature,
12880,8204,,low,ICMP.Oversized.Packet,PING,84.3.251.110,84.3.251.18,ips,signature,
12880,8204,123,low,ICMP.Oversized.Packet,PING,84.3.251.110,84.3.251.18,ips,signature,
12880,8204,124,low,ICMP.Oversized.Packet,PING,84.3.251.110,84.3.251.18,ips,signature,
12880,8204,124,low,ICMP.Oversized.Packet,PING,84.3.251.110,84.3.251.18,ips,signature,
12880,8204,124,low,ICMP.Oversized.Packet,PING,84.3.251.110,84.3.251.18,ips,signature,
12880,8204,,low,ICMP.Oversized.Packet,PING,84.3.251.110,84.3.251.18,ips,signature,
12880,8204,123,low,ICMP.Oversized.Packet,PING,84.3.251.110,84.3.251.18,ips,signature,
12880,8204,124,low,ICMP.Oversized.Packet,PING,84.3.251.110,84.3.251.18,ips,signature,
12880,8204,,low,ICMP.Oversized.Packet,PING,84.3.251.110,84.3.251.18,ips,signature,
12880,8204,122,low,ICMP.Oversized.Packet,PING,84.3.251.110,84.3.251.18,ips,signature,
12880,8204,124,low,ICMP.Oversized.Packet,PING,84.3.251.110,84.3.251.18,ips,signature,
12880,8204,124,low,ICMP.Oversized.Packet,PING,84.3.251.110,84.3.251.18,ips,signature,
12880,8204,,low,ICMP.Oversized.Packet,PING,84.3.251.110,84.3.251.18,ips,signature,
12880,8204,123,low,ICMP.Oversized.Packet,PING,84.3.251.110,84.3.251.18,ips,signature,
12880,8204,124,low,ICMP.Oversized.Packet,PING,84.3.251.110,84.3.251.18,ips,signature,
12880,8204,,low,ICMP.Oversized.Packet,PING,84.3.251.110,84.3.251.18,ips,signature,
12880,8204,123,low,ICMP.Oversized.Packet,PING,84.3.251.110,84.3.251.18,ips,signature,
12880,8204,124,low,ICMP.Oversized.Packet,PING,84.3.251.110,84.3.251.18,ips,signature,
12880,8204,124,low,ICMP.Oversized.Packet,PING,84.3.251.110,84.3.251.18,ips,signature,
12880,8204,,low,ICMP.Oversized.Packet,PING,84.3.251.110,84.3.251.18,ips,signature,
12880,8204,123,low,ICMP.Oversized.Packet,PING,84.3.251.110,84.3.251.18,ips,signature,
12880,8204,124,low,ICMP.Oversized.Packet,PING,84.3.251.110,84.3.251.18,ips,signature,
12880,8204,,low,ICMP.Oversized.Packet,PING,84.3.251.110,84.3.251.18,ips,signature,
12880,8204,123,low,ICMP.Oversized.Packet,PING,84.3.251.110,84.3.251.18,ips,signature,
12880,8204,124,low,ICMP.Oversized.Packet,PING,84.3.251.110,84.3.251.18,ips,signature,
12880,8204,124,low,ICMP.Oversized.Packet,PING,84.3.251.110,84.3.251.18,ips,signature,
12880,8204,,low,ICMP.Oversized.Packet,PING,84.3.251.110,84.3.251.18,ips,signature,
12880,8204,123,low,ICMP.Oversized.Packet,PING,84.3.251.110,84.3.251.18,ips,signature,
12880,8204,124,low,ICMP.Oversized.Packet,PING,84.3.251.110,84.3.251.18,ips,signature,
12880,8204,,low,ICMP.Oversized.Packet,PING,84.3.251.110,84.3.251.18,ips,signature,
12880,8204,123,low,ICMP.Oversized.Packet,PING,84.3.251.110,84.3.251.18,ips,signature,
12880,8204,124,low,ICMP.Oversized.Packet,PING,84.3.251.110,84.3.251.18,ips,signature,
12880,8204,124,low,ICMP.Oversized.Packet,PING,84.3.251.110,84.3.251.18,ips,signature,
12880,8204,,low,ICMP.Oversized.Packet,PING,84.3.251.110,84.3.251.18,ips,signature,
12880,8204,122,low,ICMP.Oversized.Packet,PING,84.3.251.110,84.3.251.18,ips,signature,
12880,8204,124,low,ICMP.Oversized.Packet,PING,84.3.251.110,84.3.251.18,ips,signature,
12880,8204,124,low,ICMP.Oversized.Packet,PING,84.3.251.110,84.3.251.18,ips,signature,
12880,8204,124,low,ICMP.Oversized.Packet,PING,84.3.251.110,84.3.251.18,ips,signature,
12880,8204,119,low,ICMP.Oversized.Packet,PING,84.3.251.110,84.3.251.18,ips,signature,
12880,8204,,low,ICMP.Oversized.Packet,PING,84.3.251.110,84.3.251.18,ips,signature,
12880,8204,123,low,ICMP.Oversized.Packet,PING,84.3.251.110,84.3.251.18,ips,signature,
12880,8204,124,low,ICMP.Oversized.Packet,PING,84.3.251.110,84.3.251.18,ips,signature,
12880,8204,124,low,ICMP.Oversized.Packet,PING,84.3.251.110,84.3.251.18,ips,signature,
12880,8204,,low,ICMP.Oversized.Packet,PING,84.3.251.110,84.3.251.18,ips,signature,
12880,8204,123,low,ICMP.Oversized.Packet,PING,84.3.251.110,84.3.251.18,ips,signature,
12880,8204,124,low,ICMP.Oversized.Packet,PING,84.3.251.110,84.3.251.18,ips,signature,
12880,8204,124,low,ICMP.Oversized.Packet,PING,84.3.251.110,84.3.251.18,ips,signature,
12880,8204,124,low,ICMP.Oversized.Packet,PING,84.3.251.110,84.3.251.18,ips,signature,
12880,8204,124,low,ICMP.Oversized.Packet,PING,84.3.251.110,84.3.251.18,ips,signature,
12880,8204,123,low,ICMP.Oversized.Packet,PING,84.3.251.110,84.3.251.18,ips,signature,
12880,8204,,low,ICMP.Oversized.Packet,PING,84.3.251.110,84.3.251.18,ips,signature,
12880,8204,124,low,ICMP.Oversized.Packet,PING,84.3.251.110,84.3.251.18,ips,signature,
12880,8204,124,low,ICMP.Oversized.Packet,PING,84.3.251.110,84.3.251.18,ips,signature,
12880,8204,,low,ICMP.Oversized.Packet,PING,84.3.251.110,84.3.251.18,ips,signature,
12880,8204,123,low,ICMP.Oversized.Packet,PING,84.3.251.110,84.3.251.18,ips,signature,
12880,8204,124,low,ICMP.Oversized.Packet,PING,84.3.251.110,84.3.251.18,ips,signature,
12880,8204,124,low,ICMP.Oversized.Packet,PING,84.3.251.110,84.3.251.18,ips,signature,
12880,8204,,low,ICMP.Oversized.Packet,PING,84.3.251.110,84.3.251.18,ips,signature,
12880,8204,123,low,ICMP.Oversized.Packet,PING,84.3.251.110,84.3.251.18,ips,signature,
12880,8204,123,low,ICMP.Oversized.Packet,PING,84.3.251.110,84.3.251.18,ips,signature,
12880,8204,,low,ICMP.Oversized.Packet,PING,84.3.251.110,84.3.251.18,ips,signature,
12880,8204,124,low,ICMP.Oversized.Packet,PING,84.3.251.110,84.3.251.18,ips,signature,
12880,8204,124,low,ICMP.Oversized.Packet,PING,84.3.251.110,84.3.251.18,ips,signature,
12880,8204,124,low,ICMP.Oversized.Packet,PING,84.3.251.110,84.3.251.18,ips,signature,
12880,8204,124,low,ICMP.Oversized.Packet,PING,84.3.251.110,84.3.251.18,ips,signature,
12880,8204,,low,ICMP.Oversized.Packet,PING,84.3.251.110,84.3.251.18,ips,signature,
12880,8204,123,low,ICMP.Oversized.Packet,PING,84.3.251.110,84.3.251.18,ips,signature,
12880,8204,124,low,ICMP.Oversized.Packet,PING,84.3.251.110,84.3.251.18,ips,signature,
12880,8204,,low,ICMP.Oversized.Packet,PING,84.3.251.110,84.3.251.18,ips,signature,
12880,8204,123,low,ICMP.Oversized.Packet,PING,84.3.251.110,84.3.251.18,ips,signature,
12880,8204,124,low,ICMP.Oversized.Packet,PING,84.3.251.110,84.3.251.18,ips,signature,
12880,8204,124,low,ICMP.Oversized.Packet,PING,84.3.251.110,84.3.251.18,ips,signature,
12880,8204,,low,ICMP.Oversized.Packet,PING,84.3.251.110,84.3.251.18,ips,signature,
12880,8204,122,low,ICMP.Oversized.Packet,PING,84.3.251.110,84.3.251.18,ips,signature,
12880,8204,124,low,ICMP.Oversized.Packet,PING,84.3.251.110,84.3.251.18,ips,signature,
12880,8204,124,low,ICMP.Oversized.Packet,PING,84.3.251.110,84.3.251.18,ips,signature,
12880,8204,124,low,ICMP.Oversized.Packet,PING,84.3.251.110,84.3.251.18,ips,signature,
12880,8204,,low,ICMP.Oversized.Packet,PING,84.3.251.110,84.3.251.18,ips,signature,
12880,8204,123,low,ICMP.Oversized.Packet,PING,84.3.251.110,84.3.251.18,ips,signature,
12880,8204,124,low,ICMP.Oversized.Packet,PING,84.3.251.110,84.3.251.18,ips,signature,
12880,8204,124,low,ICMP.Oversized.Packet,PING,84.3.251.110,84.3.251.18,ips,signature,
12880,8204,,low,ICMP.Oversized.Packet,PING,84.3.251.110,84.3.251.18,ips,signature,
12880,8204,123,low,ICMP.Oversized.Packet,PING,84.3.251.110,84.3.251.18,ips,signature,
12880,8204,124,low,ICMP.Oversized.Packet,PING,84.3.251.110,84.3.251.18,ips,signature,
12880,8204,124,low,ICMP.Oversized.Packet,PING,84.3.251.110,84.3.251.18,ips,signature,
12880,8204,,low,ICMP.Oversized.Packet,PING,84.3.251.110,84.3.251.18,ips,signature,
12880,8204,123,low,ICMP.Oversized.Packet,PING,84.3.251.110,84.3.251.18,ips,signature,
12880,8204,124,low,ICMP.Oversized.Packet,PING,84.3.251.110,84.3.251.18,ips,signature,
12880,8204,124,low,ICMP.Oversized.Packet,PING,84.3.251.110,84.3.251.18,ips,signature,
12880,8204,,low,ICMP.Oversized.Packet,PING,84.3.251.110,84.3.251.18,ips,signature,
12880,8204,123,low,ICMP.Oversized.Packet,PING,84.3.251.110,84.3.251.18,ips,signature,
12880,8204,124,low,ICMP.Oversized.Packet,PING,84.3.251.110,84.3.251.18,ips,signature,
12880,8204,124,low,ICMP.Oversized.Packet,PING,84.3.251.110,84.3.251.18,ips,signature,
12880,8204,,low,ICMP.Oversized.Packet,PING,84.3.251.110,84.3.251.18,ips,signature,
12880,8204,123,low,ICMP.Oversized.Packet,PING,84.3.251.110,84.3.251.18,ips,signature,
12880,8204,124,low,ICMP.Oversized.Packet,PING,84.3.251.110,84.3.251.18,ips,signature,
12880,8204,,low,ICMP.Oversized.Packet,PING,84.3.251.110,84.3.251.18,ips,signature,
12880,8204,122,low,ICMP.Oversized.Packet,PING,84.3.251.110,84.3.251.18,ips,signature,
12880,8204,124,low,ICMP.Oversized.Packet,PING,84.3.251.110,84.3.251.18,ips,signature,
12880,8204,124,low,ICMP.Oversized.Packet,PING,84.3.251.110,84.3.251.18,ips,signature,
12880,8204,,low,ICMP.Oversized.Packet,PING,84.3.251.110,84.3.251.18,ips,signature,
12880,8204,123,low,ICMP.Oversized.Packet,PING,84.3.251.110,84.3.251.18,ips,signature,
12880,8204,124,low,ICMP.Oversized.Packet,PING,84.3.251.110,84.3.251.18,ips,signature,
12880,8204,124,low,ICMP.Oversized.Packet,PING,84.3.251.110,84.3.251.18,ips,signature,
12880,8204,124,low,ICMP.Oversized.Packet,PING,84.3.251.110,84.3.251.18,ips,signature,
12880,8204,124,low,ICMP.Oversized.Packet,PING,84.3.251.110,84.3.251.18,ips,signature,
12880,8204,,low,ICMP.Oversized.Packet,PING,84.3.251.110,84.3.251.18,ips,signature,
12880,8204,123,low,ICMP.Oversized.Packet,PING,84.3.251.110,84.3.251.18,ips,signature,
12880,8204,,low,ICMP.Oversized.Packet,PING,84.3.251.110,84.3.251.18,ips,signature,
12880,8204,123,low,ICMP.Oversized.Packet,PING,84.3.251.110,84.3.251.18,ips,signature,
12880,8204,119,low,ICMP.Oversized.Packet,PING,84.3.251.110,84.3.251.18,ips,signature,
12880,8204,124,low,ICMP.Oversized.Packet,PING,84.3.251.110,84.3.251.18,ips,signature,
12880,8204,124,low,ICMP.Oversized.Packet,PING,84.3.251.110,84.3.251.18,ips,signature,
12880,8204,124,low,ICMP.Oversized.Packet,PING,84.3.251.110,84.3.251.18,ips,signature,
12880,8204,,low,ICMP.Oversized.Packet,PING,84.3.251.110,84.3.251.18,ips,signature,
12880,8204,123,low,ICMP.Oversized.Packet,PING,84.3.251.110,84.3.251.18,ips,signature,
12880,8204,124,low,ICMP.Oversized.Packet,PING,84.3.251.110,84.3.251.18,ips,signature,
12880,8204,124,low,ICMP.Oversized.Packet,PING,84.3.251.110,84.3.251.18,ips,signature,
12880,8204,,low,ICMP.Oversized.Packet,PING,84.3.251.110,84.3.251.18,ips,signature,
12880,8204,123,low,ICMP.Oversized.Packet,PING,84.3.251.110,84.3.251.18,ips,signature,
12880,8204,124,low,ICMP.Oversized.Packet,PING,84.3.251.110,84.3.251.18,ips,signature,
12880,8204,124,low,ICMP.Oversized.Packet,PING,84.3.251.110,84.3.251.18,ips,signature,
12880,8204,,low,ICMP.Oversized.Packet,PING,84.3.251.110,84.3.251.18,ips,signature,
12880,8204,123,low,ICMP.Oversized.Packet,PING,84.3.251.110,84.3.251.18,ips,signature,
12880,8204,124,low,ICMP.Oversized.Packet,PING,84.3.251.110,84.3.251.18,ips,signature,
12880,8204,,low,ICMP.Oversized.Packet,PING,84.3.251.110,84.3.251.18,ips,signature,
12880,8204,123,low,ICMP.Oversized.Packet,PING,84.3.251.110,84.3.251.18,ips,signature,
12880,8204,124,low,ICMP.Oversized.Packet,PING,84.3.251.110,84.3.251.18,ips,signature,
12880,8204,,low,ICMP.Oversized.Packet,PING,84.3.251.110,84.3.251.18,ips,signature,
12880,8204,123,low,ICMP.Oversized.Packet,PING,84.3.251.110,84.3.251.18,ips,signature,
12880,8204,123,low,ICMP.Oversized.Packet,PING,84.3.251.110,84.3.251.18,ips,signature,
12880,8204,,low,ICMP.Oversized.Packet,PING,84.3.251.110,84.3.251.18,ips,signature,
12880,8204,123,low,ICMP.Oversized.Packet,PING,84.3.251.110,84.3.251.18,ips,signature,
12880,8204,124,low,ICMP.Oversized.Packet,PING,84.3.251.110,84.3.251.18,ips,signature,
12880,8204,,low,ICMP.Oversized.Packet,PING,84.3.251.110,84.3.251.18,ips,signature,
12880,8204,123,low,ICMP.Oversized.Packet,PING,84.3.251.110,84.3.251.18,ips,signature,
12880,8204,124,low,ICMP.Oversized.Packet,PING,84.3.251.110,84.3.251.18,ips,signature,
12880,8204,,low,ICMP.Oversized.Packet,PING,84.3.251.110,84.3.251.18,ips,signature,
12880,8204,123,low,ICMP.Oversized.Packet,PING,84.3.251.110,84.3.251.18,ips,signature,
12880,8204,124,low,ICMP.Oversized.Packet,PING,84.3.251.110,84.3.251.18,ips,signature,
12880,8204,,low,ICMP.Oversized.Packet,PING,84.3.251.110,84.3.251.18,ips,signature,
12880,8204,123,low,ICMP.Oversized.Packet,PING,84.3.251.110,84.3.251.18,ips,signature,
12880,8204,,low,ICMP.Oversized.Packet,PING,84.3.251.110,84.3.251.18,ips,signature,
12880,8204,123,low,ICMP.Oversized.Packet,PING,84.3.251.110,84.3.251.18,ips,signature,
12880,8204,124,low,ICMP.Oversized.Packet,PING,84.3.251.110,84.3.251.18,ips,signature,
12880,8204,123,low,ICMP.Oversized.Packet,PING,84.3.251.110,84.3.251.18,ips,signature,
12880,8204,,low,ICMP.Oversized.Packet,PING,84.3.251.110,84.3.251.18,ips,signature,
12880,8204,124,low,ICMP.Oversized.Packet,PING,84.3.251.110,84.3.251.18,ips,signature,
12880,8204,124,low,ICMP.Oversized.Packet,PING,84.3.251.110,84.3.251.18,ips,signature,
12880,8204,,low,ICMP.Oversized.Packet,PING,84.3.251.110,84.3.251.18,ips,signature,
12880,8204,123,low,ICMP.Oversized.Packet,PING,84.3.251.110,84.3.251.18,ips,signature,
12880,8204,123,low,ICMP.Oversized.Packet,PING,84.3.251.110,84.3.251.18,ips,signature,
12880,8204,,low,ICMP.Oversized.Packet,PING,84.3.251.110,84.3.251.18,ips,signature,
12880,8204,124,low,ICMP.Oversized.Packet,PING,84.3.251.110,84.3.251.18,ips,signature,
12880,8204,124,low,ICMP.Oversized.Packet,PING,84.3.251.110,84.3.251.18,ips,signature,
12880,8204,,low,ICMP.Oversized.Packet,PING,84.3.251.110,84.3.251.18,ips,signature,
12880,8204,123,low,ICMP.Oversized.Packet,PING,84.3.251.110,84.3.251.18,ips,signature,
12880,8204,,low,ICMP.Oversized.Packet,PING,84.3.251.110,84.3.251.18,ips,signature,
12880,8204,123,low,ICMP.Oversized.Packet,PING,84.3.251.110,84.3.251.18,ips,signature,
12880,8204,124,low,ICMP.Oversized.Packet,PING,84.3.251.110,84.3.251.18,ips,signature,
12880,8204,124,low,ICMP.Oversized.Packet,PING,84.3.251.110,84.3.251.18,ips,signature,
12880,8204,,low,ICMP.Oversized.Packet,PING,84.3.251.110,84.3.251.18,ips,signature,
12880,8204,122,low,ICMP.Oversized.Packet,PING,84.3.251.110,84.3.251.18,ips,signature,
12880,8204,124,low,ICMP.Oversized.Packet,PING,84.3.251.110,84.3.251.18,ips,signature,
12880,8204,124,low,ICMP.Oversized.Packet,PING,84.3.251.110,84.3.251.18,ips,signature,
12880,8204,124,low,ICMP.Oversized.Packet,PING,84.3.251.110,84.3.251.18,ips,signature,
12880,8204,,low,ICMP.Oversized.Packet,PING,84.3.251.110,84.3.251.18,ips,signature,
12880,8204,123,low,ICMP.Oversized.Packet,PING,84.3.251.110,84.3.251.18,ips,signature,
12880,8204,,low,ICMP.Oversized.Packet,PING,84.3.251.110,84.3.251.18,ips,signature,
12880,8204,123,low,ICMP.Oversized.Packet,PING,84.3.251.110,84.3.251.18,ips,signature,
12880,8204,124,low,ICMP.Oversized.Packet,PING,84.3.251.110,84.3.251.18,ips,signature,
12880,8204,124,low,ICMP.Oversized.Packet,PING,84.3.251.110,84.3.251.18,ips,signature,
12880,8204,124,low,ICMP.Oversized.Packet,PING,84.3.251.110,84.3.251.18,ips,signature,
12880,8204,,low,ICMP.Oversized.Packet,PING,84.3.251.110,84.3.251.18,ips,signature,
12880,8204,123,low,ICMP.Oversized.Packet,PING,84.3.251.110,84.3.251.18,ips,signature,
12880,8204,124,low,ICMP.Oversized.Packet,PING,84.3.251.110,84.3.251.18,ips,signature,
12880,8204,124,low,ICMP.Oversized.Packet,PING,84.3.251.110,84.3.251.18,ips,signature,
12880,8204,124,low,ICMP.Oversized.Packet,PING,84.3.251.110,84.3.251.18,ips,signature,
12880,8204,,low,ICMP.Oversized.Packet,PING,84.3.251.110,84.3.251.18,ips,signature,
12880,8204,123,low,ICMP.Oversized.Packet,PING,84.3.251.110,84.3.251.18,ips,signature,
12880,8204,124,low,ICMP.Oversized.Packet,PING,84.3.251.110,84.3.251.18,ips,signature,
12880,8204,,low,ICMP.Oversized.Packet,PING,84.3.251.110,84.3.251.18,ips,signature,
12880,8204,123,low,ICMP.Oversized.Packet,PING,84.3.251.110,84.3.251.18,ips,signature,
12880,8204,123,low,ICMP.Oversized.Packet,PING,84.3.251.110,84.3.251.18,ips,signature,
12880,8204,124,low,ICMP.Oversized.Packet,PING,84.3.251.110,84.3.251.18,ips,signature,
12880,8204,124,low,ICMP.Oversized.Packet,PING,84.3.251.110,84.3.251.18,ips,signature,
12880,8204,,low,ICMP.Oversized.Packet,PING,84.3.251.110,84.3.251.18,ips,signature,
12880,8204,123,low,ICMP.Oversized.Packet,PING,84.3.251.110,84.3.251.18,ips,signature,
12880,8204,124,low,ICMP.Oversized.Packet,PING,84.3.251.110,84.3.251.18,ips,signature,
12880,8204,124,low,ICMP.Oversized.Packet,PING,84.3.251.110,84.3.251.18,ips,signature,
12880,8204,124,low,ICMP.Oversized.Packet,PING,84.3.251.110,84.3.251.18,ips,signature,
12880,8204,124,low,ICMP.Oversized.Packet,PING,84.3.251.110,84.3.251.18,ips,signature,
12880,8204,124,low,ICMP.Oversized.Packet,PING,84.3.251.110,84.3.251.18,ips,signature,
12880,8204,124,low,ICMP.Oversized.Packet,PING,84.3.251.110,84.3.251.18,ips,signature,
12880,8204,124,low,ICMP.Oversized.Packet,PING,84.3.251.110,84.3.251.18,ips,signature,
12880,8204,,low,ICMP.Oversized.Packet,PING,84.3.251.110,84.3.251.18,ips,signature,
12880,8204,123,low,ICMP.Oversized.Packet,PING,84.3.251.110,84.3.251.18,ips,signature,
12880,8204,124,low,ICMP.Oversized.Packet,PING,84.3.251.110,84.3.251.18,ips,signature,
12880,8204,119,low,ICMP.Oversized.Packet,PING,84.3.251.110,84.3.251.18,ips,signature,
12880,8204,124,low,ICMP.Oversized.Packet,PING,84.3.251.110,84.3.251.18,ips,signature,
12880,8204,124,low,ICMP.Oversized.Packet,PING,84.3.251.110,84.3.251.18,ips,signature,
12880,8204,123,low,ICMP.Oversized.Packet,PING,84.3.251.110,84.3.251.18,ips,signature,
12880,8204,124,low,ICMP.Oversized.Packet,PING,84.3.251.110,84.3.251.18,ips,signature,
12880,8204,124,low,ICMP.Oversized.Packet,PING,84.3.251.110,84.3.251.18,ips,signature,
12880,8204,124,low,ICMP.Oversized.Packet,PING,84.3.251.110,84.3.251.18,ips,signature,
12880,8204,124,low,ICMP.Oversized.Packet,PING,84.3.251.110,84.3.251.18,ips,signature,
12880,8204,,low,ICMP.Oversized.Packet,PING,84.3.251.110,84.3.251.18,ips,signature,
12880,8204,123,low,ICMP.Oversized.Packet,PING,84.3.251.110,84.3.251.18,ips,signature,
12880,8204,124,low,ICMP.Oversized.Packet,PING,84.3.251.110,84.3.251.18,ips,signature,
12880,8204,124,low,ICMP.Oversized.Packet,PING,84.3.251.110,84.3.251.18,ips,signature,
12880,8204,124,low,ICMP.Oversized.Packet,PING,84.3.251.110,84.3.251.18,ips,signature,
12880,8204,124,low,ICMP.Oversized.Packet,PING,84.3.251.110,84.3.251.18,ips,signature,
12880,8204,124,low,ICMP.Oversized.Packet,PING,84.3.251.110,84.3.251.18,ips,signature,
12880,8204,,low,ICMP.Oversized.Packet,PING,84.3.251.110,84.3.251.18,ips,signature,
12880,8204,123,low,ICMP.Oversized.Packet,PING,84.3.251.110,84.3.251.18,ips,signature,
12880,8204,124,low,ICMP.Oversized.Packet,PING,84.3.251.110,84.3.251.18,ips,signature,
12880,8204,,low,ICMP.Oversized.Packet,PING,84.3.251.110,84.3.251.18,ips,signature,
12880,8204,123,low,ICMP.Oversized.Packet,PING,84.3.251.110,84.3.251.18,ips,signature,
12880,8204,124,low,ICMP.Oversized.Packet,PING,84.3.251.110,84.3.251.18,ips,signature,
12880,8204,123,low,ICMP.Oversized.Packet,PING,84.3.251.110,84.3.251.18,ips,signature,
12880,8204,,low,ICMP.Oversized.Packet,PING,84.3.251.110,84.3.251.18,ips,signature,
12880,8204,124,low,ICMP.Oversized.Packet,PING,84.3.251.110,84.3.251.18,ips,signature,
12880,8204,124,low,ICMP.Oversized.Packet,PING,84.3.251.110,84.3.251.18,ips,signature,
12880,8204,124,low,ICMP.Oversized.Packet,PING,84.3.251.110,84.3.251.18,ips,signature,
12880,8204,124,low,ICMP.Oversized.Packet,PING,84.3.251.110,84.3.251.18,ips,signature,
12880,8204,,low,ICMP.Oversized.Packet,PING,84.3.251.110,84.3.251.18,ips,signature,
12880,8204,123,low,ICMP.Oversized.Packet,PING,84.3.251.110,84.3.251.18,ips,signature,
12880,8204,124,low,ICMP.Oversized.Packet,PING,84.3.251.110,84.3.251.18,ips,signature,
12880,8204,124,low,ICMP.Oversized.Packet,PING,84.3.251.110,84.3.251.18,ips,signature,
12880,8204,,low,ICMP.Oversized.Packet,PING,84.3.251.110,84.3.251.18,ips,signature,
12880,8204,123,low,ICMP.Oversized.Packet,PING,84.3.251.110,84.3.251.18,ips,signature,
12880,8204,124,low,ICMP.Oversized.Packet,PING,84.3.251.110,84.3.251.18,ips,signature,
12880,8204,124,low,ICMP.Oversized.Packet,PING,84.3.251.110,84.3.251.18,ips,signature,
12880,8204,,low,ICMP.Oversized.Packet,PING,84.3.251.110,84.3.251.18,ips,signature,
12880,8204,123,low,ICMP.Oversized.Packet,PING,84.3.251.110,84.3.251.18,ips,signature,
12880,8204,124,low,ICMP.Oversized.Packet,PING,84.3.251.110,84.3.251.18,ips,signature,
12880,8204,123,low,ICMP.Oversized.Packet,PING,84.3.251.110,84.3.251.18,ips,signature,
12880,8204,,low,ICMP.Oversized.Packet,PING,84.3.251.110,84.3.251.18,ips,signature,
12880,8204,123,low,ICMP.Oversized.Packet,PING,84.3.251.110,84.3.251.18,ips,signature,
12880,8204,124,low,ICMP.Oversized.Packet,PING,84.3.251.110,84.3.251.18,ips,signature,
12880,8204,124,low,ICMP.Oversized.Packet,PING,84.3.251.110,84.3.251.18,ips,signature,
12880,8204,125,low,ICMP.Oversized.Packet,PING,84.3.251.110,84.3.251.18,ips,signature,
12880,8204,124,low,ICMP.Oversized.Packet,PING,84.3.251.110,84.3.251.18,ips,signature,
12880,8204,,low,ICMP.Oversized.Packet,PING,84.3.251.110,84.3.251.18,ips,signature,
12880,8204,123,low,ICMP.Oversized.Packet,PING,84.3.251.110,84.3.251.18,ips,signature,
12880,8204,124,low,ICMP.Oversized.Packet,PING,84.3.251.110,84.3.251.18,ips,signature,
12880,8204,123,low,ICMP.Oversized.Packet,PING,84.3.251.110,84.3.251.18,ips,signature,
12880,8204,,low,ICMP.Oversized.Packet,PING,84.3.251.110,84.3.251.18,ips,signature,
12880,8204,124,low,ICMP.Oversized.Packet,PING,84.3.251.110,84.3.251.18,ips,signature,
12880,8204,124,low,ICMP.Oversized.Packet,PING,84.3.251.110,84.3.251.18,ips,signature,
12880,8204,124,low,ICMP.Oversized.Packet,PING,84.3.251.110,84.3.251.18,ips,signature,
12880,8204,,low,ICMP.Oversized.Packet,PING,84.3.251.110,84.3.251.18,ips,signature,
12880,8204,123,low,ICMP.Oversized.Packet,PING,84.3.251.110,84.3.251.18,ips,signature,
12880,8204,123,low,ICMP.Oversized.Packet,PING,84.3.251.110,84.3.251.18,ips,signature,
12880,8204,120,low,ICMP.Oversized.Packet,PING,84.3.251.110,84.3.251.18,ips,signature,
12880,8204,,low,ICMP.Oversized.Packet,PING,84.3.251.110,84.3.251.18,ips,signature,
12880,8204,123,low,ICMP.Oversized.Packet,PING,84.3.251.110,84.3.251.18,ips,signature,
12880,8204,123,low,ICMP.Oversized.Packet,PING,84.3.251.110,84.3.251.18,ips,signature,
12880,8204,124,low,ICMP.Oversized.Packet,PING,84.3.251.110,84.3.251.18,ips,signature,
12880,8204,,low,ICMP.Oversized.Packet,PING,84.3.251.110,84.3.251.18,ips,signature,
12880,8204,123,low,ICMP.Oversized.Packet,PING,84.3.251.110,84.3.251.18,ips,signature,
12880,8204,124,low,ICMP.Oversized.Packet,PING,84.3.251.110,84.3.251.18,ips,signature,
12880,8204,,low,ICMP.Oversized.Packet,PING,84.3.251.110,84.3.251.18,ips,signature,
12880,8204,123,low,ICMP.Oversized.Packet,PING,84.3.251.110,84.3.251.18,ips,signature,
12880,8204,124,low,ICMP.Oversized.Packet,PING,84.3.251.110,84.3.251.18,ips,signature,
12880,8204,,low,ICMP.Oversized.Packet,PING,84.3.251.110,84.3.251.18,ips,signature,
12880,8204,123,low,ICMP.Oversized.Packet,PING,84.3.251.110,84.3.251.18,ips,signature,
12880,8204,124,low,ICMP.Oversized.Packet,PING,84.3.251.110,84.3.251.18,ips,signature,
12880,8204,,low,ICMP.Oversized.Packet,PING,84.3.251.110,84.3.251.18,ips,signature,
12880,8204,123,low,ICMP.Oversized.Packet,PING,84.3.251.110,84.3.251.18,ips,signature,
12880,8204,124,low,ICMP.Oversized.Packet,PING,84.3.251.110,84.3.251.18,ips,signature,
12880,8204,124,low,ICMP.Oversized.Packet,PING,84.3.251.110,84.3.251.18,ips,signature,
12880,8204,124,low,ICMP.Oversized.Packet,PING,84.3.251.110,84.3.251.18,ips,signature,
12880,8204,,low,ICMP.Oversized.Packet,PING,84.3.251.110,84.3.251.18,ips,signature,
12880,8204,123,low,ICMP.Oversized.Packet,PING,84.3.251.110,84.3.251.18,ips,signature,
12880,8204,124,low,ICMP.Oversized.Packet,PING,84.3.251.110,84.3.251.18,ips,signature,
12880,8204,,low,ICMP.Oversized.Packet,PING,84.3.251.110,84.3.251.18,ips,signature,
12880,8204,123,low,ICMP.Oversized.Packet,PING,84.3.251.110,84.3.251.18,ips,signature,
12880,8204,,low,ICMP.Oversized.Packet,PING,84.3.251.110,84.3.251.18,ips,signature,
12880,8204,123,low,ICMP.Oversized.Packet,PING,84.3.251.110,84.3.251.18,ips,signature,
12880,8204,123,low,ICMP.Oversized.Packet,PING,84.3.251.110,84.3.251.18,ips,signature,
12880,8204,,low,ICMP.Oversized.Packet,PING,84.3.251.110,84.3.251.18,ips,signature,
12880,8204,124,low,ICMP.Oversized.Packet,PING,84.3.251.110,84.3.251.18,ips,signature,
12880,8204,124,low,ICMP.Oversized.Packet,PING,84.3.251.110,84.3.251.18,ips,signature,
12880,8204,,low,ICMP.Oversized.Packet,PING,84.3.251.110,84.3.251.18,ips,signature,
12880,8204,123,low,ICMP.Oversized.Packet,PING,84.3.251.110,84.3.251.18,ips,signature,
12880,8204,124,low,ICMP.Oversized.Packet,PING,84.3.251.110,84.3.251.18,ips,signature,
12880,8204,,low,ICMP.Oversized.Packet,PING,84.3.251.110,84.3.251.18,ips,signature,
12880,8204,123,low,ICMP.Oversized.Packet,PING,84.3.251.110,84.3.251.18,ips,signature,
12880,8204,124,low,ICMP.Oversized.Packet,PING,84.3.251.110,84.3.251.18,ips,signature,
12880,8204,124,low,ICMP.Oversized.Packet,PING,84.3.251.110,84.3.251.18,ips,signature,
12880,8204,124,low,ICMP.Oversized.Packet,PING,84.3.251.110,84.3.251.18,ips,signature,
12880,8204,,low,ICMP.Oversized.Packet,PING,84.3.251.110,84.3.251.18,ips,signature,
12880,8204,122,low,ICMP.Oversized.Packet,PING,84.3.251.110,84.3.251.18,ips,signature,
12880,8204,124,low,ICMP.Oversized.Packet,PING,84.3.251.110,84.3.251.18,ips,signature,
12880,8204,124,low,ICMP.Oversized.Packet,PING,84.3.251.110,84.3.251.18,ips,signature,
12880,8204,,low,ICMP.Oversized.Packet,PING,84.3.251.110,84.3.251.18,ips,signature,
12880,8204,123,low,ICMP.Oversized.Packet,PING,84.3.251.110,84.3.251.18,ips,signature,
12880,8204,124,low,ICMP.Oversized.Packet,PING,84.3.251.110,84.3.251.18,ips,signature,
12880,8204,,low,ICMP.Oversized.Packet,PING,84.3.251.110,84.3.251.18,ips,signature,
12880,8204,123,low,ICMP.Oversized.Packet,PING,84.3.251.110,84.3.251.18,ips,signature,
12880,8204,124,low,ICMP.Oversized.Packet,PING,84.3.251.110,84.3.251.18,ips,signature,
12880,8204,124,low,ICMP.Oversized.Packet,PING,84.3.251.110,84.3.251.18,ips,signature,
12880,8204,124,low,ICMP.Oversized.Packet,PING,84.3.251.110,84.3.251.18,ips,signature,
12880,8204,,low,ICMP.Oversized.Packet,PING,84.3.251.110,84.3.251.18,ips,signature,
12880,8204,123,low,ICMP.Oversized.Packet,PING,84.3.251.110,84.3.251.18,ips,signature,
12880,8204,,low,ICMP.Oversized.Packet,PING,84.3.251.110,84.3.251.18,ips,signature,
12880,8204,123,low,ICMP.Oversized.Packet,PING,84.3.251.110,84.3.251.18,ips,signature,
12880,8204,124,low,ICMP.Oversized.Packet,PING,84.3.251.110,84.3.251.18,ips,signature,
12880,8204,,low,ICMP.Oversized.Packet,PING,84.3.251.110,84.3.251.18,ips,signature,
12880,8204,123,low,ICMP.Oversized.Packet,PING,84.3.251.110,84.3.251.18,ips,signature,
12880,8204,124,low,ICMP.Oversized.Packet,PING,84.3.251.110,84.3.251.18,ips,signature,
12880,8204,124,low,ICMP.Oversized.Packet,PING,84.3.251.110,84.3.251.18,ips,signature,
12880,8204,,low,ICMP.Oversized.Packet,PING,84.3.251.110,84.3.251.18,ips,signature,
12880,8204,123,low,ICMP.Oversized.Packet,PING,84.3.251.110,84.3.251.18,ips,signature,
12880,8204,124,low,ICMP.Oversized.Packet,PING,84.3.251.110,84.3.251.18,ips,signature,
12880,8204,,low,ICMP.Oversized.Packet,PING,84.3.251.110,84.3.251.18,ips,signature,
12880,8204,123,low,ICMP.Oversized.Packet,PING,84.3.251.110,84.3.251.18,ips,signature,
12880,8204,124,low,ICMP.Oversized.Packet,PING,84.3.251.110,84.3.251.18,ips,signature,
12880,8204,124,low,ICMP.Oversized.Packet,PING,84.3.251.110,84.3.251.18,ips,signature,
12880,8204,,low,ICMP.Oversized.Packet,PING,84.3.251.110,84.3.251.18,ips,signature,
12880,8204,123,low,ICMP.Oversized.Packet,PING,84.3.251.110,84.3.251.18,ips,signature,
12880,8204,123,low,ICMP.Oversized.Packet,PING,84.3.251.110,84.3.251.18,ips,signature,
12880,8204,,low,ICMP.Oversized.Packet,PING,84.3.251.110,84.3.251.18,ips,signature,
12880,8204,123,low,ICMP.Oversized.Packet,PING,84.3.251.110,84.3.251.18,ips,signature,
12880,8204,124,low,ICMP.Oversized.Packet,PING,84.3.251.110,84.3.251.18,ips,signature,
12880,8204,124,low,ICMP.Oversized.Packet,PING,84.3.251.110,84.3.251.18,ips,signature,
12880,8204,124,low,ICMP.Oversized.Packet,PING,84.3.251.110,84.3.251.18,ips,signature,
12880,8204,,low,ICMP.Oversized.Packet,PING,84.3.251.110,84.3.251.18,ips,signature,
12880,8204,123,low,ICMP.Oversized.Packet,PING,84.3.251.110,84.3.251.18,ips,signature,
12880,8204,124,low,ICMP.Oversized.Packet,PING,84.3.251.110,84.3.251.18,ips,signature,
12880,8204,,low,ICMP.Oversized.Packet,PING,84.3.251.110,84.3.251.18,ips,signature,
12880,8204,123,low,ICMP.Oversized.Packet,PING,84.3.251.110,84.3.251.18,ips,signature,
12880,8204,124,low,ICMP.Oversized.Packet,PING,84.3.251.110,84.3.251.18,ips,signature,
12880,8204,,low,ICMP.Oversized.Packet,PING,84.3.251.110,84.3.251.18,ips,signature,
12880,8204,118,low,ICMP.Oversized.Packet,PING,84.3.251.110,84.3.251.18,ips,signature,
12880,8204,124,low,ICMP.Oversized.Packet,PING,84.3.251.110,84.3.251.18,ips,signature,
12880,8204,124,low,ICMP.Oversized.Packet,PING,84.3.251.110,84.3.251.18,ips,signature,
12880,8204,,low,ICMP.Oversized.Packet,PING,84.3.251.110,84.3.251.18,ips,signature,
12880,8204,123,low,ICMP.Oversized.Packet,PING,84.3.251.110,84.3.251.18,ips,signature,
12880,8204,,low,ICMP.Oversized.Packet,PING,84.3.251.110,84.3.251.18,ips,signature,
12880,8204,123,low,ICMP.Oversized.Packet,PING,84.3.251.110,84.3.251.18,ips,signature,
12880,8204,124,low,ICMP.Oversized.Packet,PING,84.3.251.110,84.3.251.18,ips,signature,
12880,8204,124,low,ICMP.Oversized.Packet,PING,84.3.251.110,84.3.251.18,ips,signature,
12880,8204,,low,ICMP.Oversized.Packet,PING,84.3.251.110,84.3.251.18,ips,signature,
12880,8204,123,low,ICMP.Oversized.Packet,PING,84.3.251.110,84.3.251.18,ips,signature,
12880,8204,124,low,ICMP.Oversized.Packet,PING,84.3.251.110,84.3.251.18,ips,signature,
12880,8204,124,low,ICMP.Oversized.Packet,PING,84.3.251.110,84.3.251.18,ips,signature,
12880,8204,,low,ICMP.Oversized.Packet,PING,84.3.251.110,84.3.251.18,ips,signature,
12880,8204,122,low,ICMP.Oversized.Packet,PING,84.3.251.110,84.3.251.18,ips,signature,
12880,8204,124,low,ICMP.Oversized.Packet,PING,84.3.251.110,84.3.251.18,ips,signature,
12880,8204,124,low,ICMP.Oversized.Packet,PING,84.3.251.110,84.3.251.18,ips,signature,
12880,8204,,low,ICMP.Oversized.Packet,PING,84.3.251.110,84.3.251.18,ips,signature,
12880,8204,123,low,ICMP.Oversized.Packet,PING,84.3.251.110,84.3.251.18,ips,signature,
12880,8204,124,low,ICMP.Oversized.Packet,PING,84.3.251.110,84.3.251.18,ips,signature,
12880,8204,124,low,ICMP.Oversized.Packet,PING,84.3.251.110,84.3.251.18,ips,signature,
12880,8204,124,low,ICMP.Oversized.Packet,PING,84.3.251.110,84.3.251.18,ips,signature,
12880,8204,,low,ICMP.Oversized.Packet,PING,84.3.251.110,84.3.251.18,ips,signature,
12880,8204,123,low,ICMP.Oversized.Packet,PING,84.3.251.110,84.3.251.18,ips,signature,
12880,8204,,low,ICMP.Oversized.Packet,PING,84.3.251.110,84.3.251.18,ips,signature,
12880,8204,123,low,ICMP.Oversized.Packet,PING,84.3.251.110,84.3.251.18,ips,signature,
12880,8204,124,low,ICMP.Oversized.Packet,PING,84.3.251.110,84.3.251.18,ips,signature,
12880,8204,,low,ICMP.Oversized.Packet,PING,84.3.251.110,84.3.251.18,ips,signature,
12880,8204,123,low,ICMP.Oversized.Packet,PING,84.3.251.110,84.3.251.18,ips,signature,
12880,8204,124,low,ICMP.Oversized.Packet,PING,84.3.251.110,84.3.251.18,ips,signature,
12880,8204,124,low,ICMP.Oversized.Packet,PING,84.3.251.110,84.3.251.18,ips,signature,
12880,8204,124,low,ICMP.Oversized.Packet,PING,84.3.251.110,84.3.251.18,ips,signature,
12880,8204,,low,ICMP.Oversized.Packet,PING,84.3.251.110,84.3.251.18,ips,signature,
12880,8204,123,low,ICMP.Oversized.Packet,PING,84.3.251.110,84.3.251.18,ips,signature,
12880,8204,,low,ICMP.Oversized.Packet,PING,84.3.251.110,84.3.251.18,ips,signature,
12880,8204,123,low,ICMP.Oversized.Packet,PING,84.3.251.110,84.3.251.18,ips,signature,
12880,8204,124,low,ICMP.Oversized.Packet,PING,84.3.251.110,84.3.251.18,ips,signature,
12880,8204,,low,ICMP.Oversized.Packet,PING,84.3.251.110,84.3.251.18,ips,signature,
12880,8204,123,low,ICMP.Oversized.Packet,PING,84.3.251.110,84.3.251.18,ips,signature,
12880,8204,124,low,ICMP.Oversized.Packet,PING,84.3.251.110,84.3.251.18,ips,signature,
12880,8204,,low,ICMP.Oversized.Packet,PING,84.3.251.110,84.3.251.18,ips,signature,
12880,8204,122,low,ICMP.Oversized.Packet,PING,84.3.251.110,84.3.251.18,ips,signature,
12880,8204,124,low,ICMP.Oversized.Packet,PING,84.3.251.110,84.3.251.18,ips,signature,
12880,8204,,low,ICMP.Oversized.Packet,PING,84.3.251.110,84.3.251.18,ips,signature,
12880,8204,124,low,ICMP.Oversized.Packet,PING,84.3.251.110,84.3.251.18,ips,signature,
12880,8204,123,low,ICMP.Oversized.Packet,PING,84.3.251.110,84.3.251.18,ips,signature,
12880,8204,,low,ICMP.Oversized.Packet,PING,84.3.251.110,84.3.251.18,ips,signature,
12880,8204,123,low,ICMP.Oversized.Packet,PING,84.3.251.110,84.3.251.18,ips,signature,
12880,8204,124,low,ICMP.Oversized.Packet,PING,84.3.251.110,84.3.251.18,ips,signature,
12880,8204,124,low,ICMP.Oversized.Packet,PING,84.3.251.110,84.3.251.18,ips,signature,
12880,8204,,low,ICMP.Oversized.Packet,PING,84.3.251.110,84.3.251.18,ips,signature,
12880,8204,123,low,ICMP.Oversized.Packet,PING,84.3.251.110,84.3.251.18,ips,signature,
12880,8204,124,low,ICMP.Oversized.Packet,PING,84.3.251.110,84.3.251.18,ips,signature,
12880,8204,124,low,ICMP.Oversized.Packet,PING,84.3.251.110,84.3.251.18,ips,signature,
12880,8204,,low,ICMP.Oversized.Packet,PING,84.3.251.110,84.3.251.18,ips,signature,
12880,8204,123,low,ICMP.Oversized.Packet,PING,84.3.251.110,84.3.251.18,ips,signature,
12880,8204,124,low,ICMP.Oversized.Packet,PING,84.3.251.110,84.3.251.18,ips,signature,
12880,8204,,low,ICMP.Oversized.Packet,PING,84.3.251.110,84.3.251.18,ips,signature,
12880,8204,123,low,ICMP.Oversized.Packet,PING,84.3.251.110,84.3.251.18,ips,signature,
12880,8204,124,low,ICMP.Oversized.Packet,PING,84.3.251.110,84.3.251.18,ips,signature,
12880,8204,,low,ICMP.Oversized.Packet,PING,84.3.251.110,84.3.251.18,ips,signature,
12880,8204,123,low,ICMP.Oversized.Packet,PING,84.3.251.110,84.3.251.18,ips,signature,
12880,8204,124,low,ICMP.Oversized.Packet,PING,84.3.251.110,84.3.251.18,ips,signature,
12880,8204,,low,ICMP.Oversized.Packet,PING,84.3.251.110,84.3.251.18,ips,signature,
12880,8204,123,low,ICMP.Oversized.Packet,PING,84.3.251.110,84.3.251.18,ips,signature,
12880,8204,,low,ICMP.Oversized.Packet,PING,84.3.251.110,84.3.251.18,ips,signature,
12880,8204,122,low,ICMP.Oversized.Packet,PING,84.3.251.110,84.3.251.18,ips,signature,
12880,8204,124,low,ICMP.Oversized.Packet,PING,84.3.251.110,84.3.251.18,ips,signature,
12880,8204,,low,ICMP.Oversized.Packet,PING,84.3.251.110,84.3.251.18,ips,signature,
12880,8204,123,low,ICMP.Oversized.Packet,PING,84.3.251.110,84.3.251.18,ips,signature,
12880,8204,124,low,ICMP.Oversized.Packet,PING,84.3.251.110,84.3.251.18,ips,signature,
12880,8204,,low,ICMP.Oversized.Packet,PING,84.3.251.110,84.3.251.18,ips,signature,
12880,8204,123,low,ICMP.Oversized.Packet,PING,84.3.251.110,84.3.251.18,ips,signature,
12880,8204,124,low,ICMP.Oversized.Packet,PING,84.3.251.110,84.3.251.18,ips,signature,
12880,8204,,low,ICMP.Oversized.Packet,PING,84.3.251.110,84.3.251.18,ips,signature,
12880,8204,123,low,ICMP.Oversized.Packet,PING,84.3.251.110,84.3.251.18,ips,signature,
12880,8204,124,low,ICMP.Oversized.Packet,PING,84.3.251.110,84.3.251.18,ips,signature,
12880,8204,,low,ICMP.Oversized.Packet,PING,84.3.251.110,84.3.251.18,ips,signature,
12880,8204,123,low,ICMP.Oversized.Packet,PING,84.3.251.110,84.3.251.18,ips,signature,
12880,8204,124,low,ICMP.Oversized.Packet,PING,84.3.251.110,84.3.251.18,ips,signature,
12880,8204,,low,ICMP.Oversized.Packet,PING,84.3.251.110,84.3.251.18,ips,signature,
12880,8204,123,low,ICMP.Oversized.Packet,PING,84.3.251.110,84.3.251.18,ips,signature,
12880,8204,124,low,ICMP.Oversized.Packet,PING,84.3.251.110,84.3.251.18,ips,signature,
12880,8204,124,low,ICMP.Oversized.Packet,PING,84.3.251.110,84.3.251.18,ips,signature,
12880,8204,,low,ICMP.Oversized.Packet,PING,84.3.251.110,84.3.251.18,ips,signature,
12880,8204,122,low,ICMP.Oversized.Packet,PING,84.3.251.110,84.3.251.18,ips,signature,
12880,8204,124,low,ICMP.Oversized.Packet,PING,84.3.251.110,84.3.251.18,ips,signature,
12880,8204,124,low,ICMP.Oversized.Packet,PING,84.3.251.110,84.3.251.18,ips,signature,
12880,8204,125,low,ICMP.Oversized.Packet,PING,84.3.251.110,84.3.251.18,ips,signature,
12880,8204,123,low,ICMP.Oversized.Packet,PING,84.3.251.110,84.3.251.18,ips,signature,
12880,8204,124,low,ICMP.Oversized.Packet,PING,84.3.251.110,84.3.251.18,ips,signature,
12880,8204,,low,ICMP.Oversized.Packet,PING,84.3.251.110,84.3.251.18,ips,signature,
12880,8204,123,low,ICMP.Oversized.Packet,PING,84.3.251.110,84.3.251.18,ips,signature,
12880,8204,124,low,ICMP.Oversized.Packet,PING,84.3.251.110,84.3.251.18,ips,signature,
12880,8204,124,low,ICMP.Oversized.Packet,PING,84.3.251.110,84.3.251.18,ips,signature,
12880,8204,124,low,ICMP.Oversized.Packet,PING,84.3.251.110,84.3.251.18,ips,signature,
12880,8204,124,low,ICMP.Oversized.Packet,PING,84.3.251.110,84.3.251.18,ips,signature,
12880,8204,124,low,ICMP.Oversized.Packet,PING,84.3.251.110,84.3.251.18,ips,signature,
12880,8204,,low,ICMP.Oversized.Packet,PING,84.3.251.110,84.3.251.18,ips,signature,
12880,8204,118,low,ICMP.Oversized.Packet,PING,84.3.251.110,84.3.251.18,ips,signature,
12880,8204,124,low,ICMP.Oversized.Packet,PING,84.3.251.110,84.3.251.18,ips,signature,
12880,8204,123,low,ICMP.Oversized.Packet,PING,84.3.251.110,84.3.251.18,ips,signature,
12880,8204,124,low,ICMP.Oversized.Packet,PING,84.3.251.110,84.3.251.18,ips,signature,
12880,8204,,low,ICMP.Oversized.Packet,PING,84.3.251.110,84.3.251.18,ips,signature,
12880,8204,123,low,ICMP.Oversized.Packet,PING,84.3.251.110,84.3.251.18,ips,signature,
12880,8204,124,low,ICMP.Oversized.Packet,PING,84.3.251.110,84.3.251.18,ips,signature,
12880,8204,124,low,ICMP.Oversized.Packet,PING,84.3.251.110,84.3.251.18,ips,signature,
12880,8204,124,low,ICMP.Oversized.Packet,PING,84.3.251.110,84.3.251.18,ips,signature,
12880,8204,124,low,ICMP.Oversized.Packet,PING,84.3.251.110,84.3.251.18,ips,signature,
12880,8204,124,low,ICMP.Oversized.Packet,PING,84.3.251.110,84.3.251.18,ips,signature,
12880,8204,124,low,ICMP.Oversized.Packet,PING,84.3.251.110,84.3.251.18,ips,signature,
12880,8204,124,low,ICMP.Oversized.Packet,PING,84.3.251.110,84.3.251.18,ips,signature,
12880,8204,124,low,ICMP.Oversized.Packet,PING,84.3.251.110,84.3.251.18,ips,signature,
12880,8204,124,low,ICMP.Oversized.Packet,PING,84.3.251.110,84.3.251.18,ips,signature,
12880,8204,,low,ICMP.Oversized.Packet,PING,84.3.251.110,84.3.251.18,ips,signature,
12880,8204,123,low,ICMP.Oversized.Packet,PING,84.3.251.110,84.3.251.18,ips,signature,
12880,8204,124,low,ICMP.Oversized.Packet,PING,84.3.251.110,84.3.251.18,ips,signature,
12880,8204,124,low,ICMP.Oversized.Packet,PING,84.3.251.110,84.3.251.18,ips,signature,
12880,8204,,low,ICMP.Oversized.Packet,PING,84.3.251.110,84.3.251.18,ips,signature,
12880,8204,122,low,ICMP.Oversized.Packet,PING,84.3.251.110,84.3.251.18,ips,signature,
12880,8204,124,low,ICMP.Oversized.Packet,PING,84.3.251.110,84.3.251.18,ips,signature,
12880,8204,124,low,ICMP.Oversized.Packet,PING,84.3.251.110,84.3.251.18,ips,signature,
12880,8204,124,low,ICMP.Oversized.Packet,PING,84.3.251.110,84.3.251.18,ips,signature,
12880,8204,124,low,ICMP.Oversized.Packet,PING,84.3.251.110,84.3.251.18,ips,signature,
12880,8204,124,low,ICMP.Oversized.Packet,PING,84.3.251.110,84.3.251.18,ips,signature,
12880,8204,,low,ICMP.Oversized.Packet,PING,84.3.251.110,84.3.251.18,ips,signature,
12880,8204,123,low,ICMP.Oversized.Packet,PING,84.3.251.110,84.3.251.18,ips,signature,
12880,8204,124,low,ICMP.Oversized.Packet,PING,84.3.251.110,84.3.251.18,ips,signature,
12880,8204,124,low,ICMP.Oversized.Packet,PING,84.3.251.110,84.3.251.18,ips,signature,
12880,8204,,low,ICMP.Oversized.Packet,PING,84.3.251.110,84.3.251.18,ips,signature,
12880,8204,123,low,ICMP.Oversized.Packet,PING,84.3.251.110,84.3.251.18,ips,signature,
12880,8204,124,low,ICMP.Oversized.Packet,PING,84.3.251.110,84.3.251.18,ips,signature,
12880,8204,124,low,ICMP.Oversized.Packet,PING,84.3.251.110,84.3.251.18,ips,signature,
12880,8204,124,low,ICMP.Oversized.Packet,PING,84.3.251.110,84.3.251.18,ips,signature,
12880,8204,,low,ICMP.Oversized.Packet,PING,84.3.251.110,84.3.251.18,ips,signature,
12880,8204,122,low,ICMP.Oversized.Packet,PING,84.3.251.110,84.3.251.18,ips,signature,
12880,8204,124,low,ICMP.Oversized.Packet,PING,84.3.251.110,84.3.251.18,ips,signature,
12880,8204,124,low,ICMP.Oversized.Packet,PING,84.3.251.110,84.3.251.18,ips,signature,
12880,8204,124,low,ICMP.Oversized.Packet,PING,84.3.251.110,84.3.251.18,ips,signature,
12880,8204,,low,ICMP.Oversized.Packet,PING,84.3.251.110,84.3.251.18,ips,signature,
12880,8204,123,low,ICMP.Oversized.Packet,PING,84.3.251.110,84.3.251.18,ips,signature,
12880,8204,7,low,ICMP.Oversized.Packet,PING,84.3.251.110,84.3.251.18,ips,signature,
12880,8204,,low,ICMP.Oversized.Packet,PING,84.3.251.110,84.3.251.18,ips,signature,
12880,8204,116,low,ICMP.Oversized.Packet,PING,84.3.251.110,84.3.251.18,ips,signature,
12880,8204,124,low,ICMP.Oversized.Packet,PING,84.3.251.110,84.3.251.18,ips,signature,
12880,8204,,low,ICMP.Oversized.Packet,PING,84.3.251.110,84.3.251.18,ips,signature,
12880,8204,123,low,ICMP.Oversized.Packet,PING,84.3.251.110,84.3.251.18,ips,signature,
12880,8204,124,low,ICMP.Oversized.Packet,PING,84.3.251.110,84.3.251.18,ips,signature,
12880,8204,124,low,ICMP.Oversized.Packet,PING,84.3.251.110,84.3.251.18,ips,signature,
12880,8204,,low,ICMP.Oversized.Packet,PING,84.3.251.110,84.3.251.18,ips,signature,
12880,8204,104,low,ICMP.Oversized.Packet,PING,84.3.251.110,84.3.251.18,ips,signature,
12880,8204,,low,ICMP.Oversized.Packet,PING,84.3.251.110,84.3.251.18,ips,signature,
12880,8204,142,low,ICMP.Oversized.Packet,PING,84.3.251.110,84.3.251.18,ips,signature,
12880,8204,124,low,ICMP.Oversized.Packet,PING,84.3.251.110,84.3.251.18,ips,signature,
12880,8204,,low,ICMP.Oversized.Packet,PING,84.3.251.110,84.3.251.18,ips,signature,
12880,8204,122,low,ICMP.Oversized.Packet,PING,84.3.251.110,84.3.251.18,ips,signature,
12880,8204,124,low,ICMP.Oversized.Packet,PING,84.3.251.110,84.3.251.18,ips,signature,
12880,8204,124,low,ICMP.Oversized.Packet,PING,84.3.251.110,84.3.251.18,ips,signature,
12880,8204,,low,ICMP.Oversized.Packet,PING,84.3.251.110,84.3.251.18,ips,signature,
12880,8204,123,low,ICMP.Oversized.Packet,PING,84.3.251.110,84.3.251.18,ips,signature,
12880,8204,124,low,ICMP.Oversized.Packet,PING,84.3.251.110,84.3.251.18,ips,signature,
12880,8204,124,low,ICMP.Oversized.Packet,PING,84.3.251.110,84.3.251.18,ips,signature,
12880,8204,124,low,ICMP.Oversized.Packet,PING,84.3.251.110,84.3.251.18,ips,signature,
12880,8204,124,low,ICMP.Oversized.Packet,PING,84.3.251.110,84.3.251.18,ips,signature,
12880,8204,,low,ICMP.Oversized.Packet,PING,84.3.251.110,84.3.251.18,ips,signature,
12880,8204,123,low,ICMP.Oversized.Packet,PING,84.3.251.110,84.3.251.18,ips,signature,
12880,8204,124,low,ICMP.Oversized.Packet,PING,84.3.251.110,84.3.251.18,ips,signature,
12880,8204,,low,ICMP.Oversized.Packet,PING,84.3.251.110,84.3.251.18,ips,signature,
12880,8204,123,low,ICMP.Oversized.Packet,PING,84.3.251.110,84.3.251.18,ips,signature,
12880,8204,123,low,ICMP.Oversized.Packet,PING,84.3.251.110,84.3.251.18,ips,signature,
12880,8204,124,low,ICMP.Oversized.Packet,PING,84.3.251.110,84.3.251.18,ips,signature,
12880,8204,,low,ICMP.Oversized.Packet,PING,84.3.251.110,84.3.251.18,ips,signature,
12880,8204,123,low,ICMP.Oversized.Packet,PING,84.3.251.110,84.3.251.18,ips,signature,
12880,8204,124,low,ICMP.Oversized.Packet,PING,84.3.251.110,84.3.251.18,ips,signature,
12880,8204,124,low,ICMP.Oversized.Packet,PING,84.3.251.110,84.3.251.18,ips,signature,
12880,8204,,low,ICMP.Oversized.Packet,PING,84.3.251.110,84.3.251.18,ips,signature,
12880,8204,123,low,ICMP.Oversized.Packet,PING,84.3.251.110,84.3.251.18,ips,signature,
12880,8204,124,low,ICMP.Oversized.Packet,PING,84.3.251.110,84.3.251.18,ips,signature,
12880,8204,124,low,ICMP.Oversized.Packet,PING,84.3.251.110,84.3.251.18,ips,signature,
12880,8204,124,low,ICMP.Oversized.Packet,PING,84.3.251.110,84.3.251.18,ips,signature,
12880,8204,,low,ICMP.Oversized.Packet,PING,84.3.251.110,84.3.251.18,ips,signature,
12880,8204,123,low,ICMP.Oversized.Packet,PING,84.3.251.110,84.3.251.18,ips,signature,
12880,8204,124,low,ICMP.Oversized.Packet,PING,84.3.251.110,84.3.251.18,ips,signature,
12880,8204,124,low,ICMP.Oversized.Packet,PING,84.3.251.110,84.3.251.18,ips,signature,
12880,8204,,low,ICMP.Oversized.Packet,PING,84.3.251.110,84.3.251.18,ips,signature,
12880,8204,123,low,ICMP.Oversized.Packet,PING,84.3.251.110,84.3.251.18,ips,signature,
12880,8204,123,low,ICMP.Oversized.Packet,PING,84.3.251.110,84.3.251.18,ips,signature,
12880,8204,,low,ICMP.Oversized.Packet,PING,84.3.251.110,84.3.251.18,ips,signature,
12880,8204,124,low,ICMP.Oversized.Packet,PING,84.3.251.110,84.3.251.18,ips,signature,
12880,8204,124,low,ICMP.Oversized.Packet,PING,84.3.251.110,84.3.251.18,ips,signature,
12880,8204,124,low,ICMP.Oversized.Packet,PING,84.3.251.110,84.3.251.18,ips,signature,
12880,8204,,low,ICMP.Oversized.Packet,PING,84.3.251.110,84.3.251.18,ips,signature,
12880,8204,123,low,ICMP.Oversized.Packet,PING,84.3.251.110,84.3.251.18,ips,signature,
12880,8204,119,low,ICMP.Oversized.Packet,PING,84.3.251.110,84.3.251.18,ips,signature,
12880,8204,,low,ICMP.Oversized.Packet,PING,84.3.251.110,84.3.251.18,ips,signature,
12880,8204,123,low,ICMP.Oversized.Packet,PING,84.3.251.110,84.3.251.18,ips,signature,
12880,8204,124,low,ICMP.Oversized.Packet,PING,84.3.251.110,84.3.251.18,ips,signature,
12880,8204,124,low,ICMP.Oversized.Packet,PING,84.3.251.110,84.3.251.18,ips,signature,
12880,8204,124,low,ICMP.Oversized.Packet,PING,84.3.251.110,84.3.251.18,ips,signature,
12880,8204,,low,ICMP.Oversized.Packet,PING,84.3.251.110,84.3.251.18,ips,signature,
12880,8204,123,low,ICMP.Oversized.Packet,PING,84.3.251.110,84.3.251.18,ips,signature,
12880,8204,124,low,ICMP.Oversized.Packet,PING,84.3.251.110,84.3.251.18,ips,signature,
12880,8204,123,low,ICMP.Oversized.Packet,PING,84.3.251.110,84.3.251.18,ips,signature,
12880,8204,,low,ICMP.Oversized.Packet,PING,84.3.251.110,84.3.251.18,ips,signature,
12880,8204,123,low,ICMP.Oversized.Packet,PING,84.3.251.110,84.3.251.18,ips,signature,
12880,8204,,low,ICMP.Oversized.Packet,PING,84.3.251.110,84.3.251.18,ips,signature,
12880,8204,123,low,ICMP.Oversized.Packet,PING,84.3.251.110,84.3.251.18,ips,signature,
12880,8204,124,low,ICMP.Oversized.Packet,PING,84.3.251.110,84.3.251.18,ips,signature,
12880,8204,124,low,ICMP.Oversized.Packet,PING,84.3.251.110,84.3.251.18,ips,signature,
12880,8204,,low,ICMP.Oversized.Packet,PING,84.3.251.110,84.3.251.18,ips,signature,
12880,8204,64,low,ICMP.Oversized.Packet,PING,84.3.251.110,84.3.251.18,ips,signature,
12880,8204,5,low,ICMP.Oversized.Packet,PING,84.3.251.110,84.3.251.18,ips,signature,
